id,cod,start,yearstart,fin,yearfin,dur_months,stage,words,early_agree,ctte
1,1985/0046(COD),19/12/1985,1985,04/04/2001,2001,184,2,10824,0,8
2,1986/0080(COD),23/12/1986,1986,19/03/2001,2001,171,2,,0,8
3,1992/0449(COD),23/12/1992,1992,25/06/2002,2002,114,3,12964,0,9
4,1992/0449A(COD),23/12/1992,1992,06/02/2003,2003,121,3,12964,0,9
5,1992/0449B(COD),23/12/1992,1992,05/04/2006,2006,159,3,12964,0,9
6,1992/0449C(COD),23/12/1992,1992,29/04/2004,2004,136,2,12964,0,9
7,1993/0465(COD),27/07/1993,1993,16/02/1998,1998,55,3,11201,0,10
8,1994/0009(COD),19/01/1994,1994,05/06/1996,1996,29,3,1460,0,11
9,1994/0011(COD),31/01/1994,1994,20/03/2000,2000,74,2,7790,0,18
10,1994/0098(COD),07/04/1994,1994,23/07/1996,1996,27,3,13414,0,13
11,1995/0013B(COD),19/04/1995,1995,16/11/2000,2000,67,2,6618,0,11
12,1995/0232(COD),14/09/1995,1995,27/02/2003,2003,89,2,1586,0,13
13,1995/0235(COD),18/09/1995,1995,16/12/1999,1999,51,3,3006,0,9
14,1996/0085(COD),13/03/1996,1996,27/09/2001,2001,66,3,2349,0,24
15,1996/0112(COD),17/04/1996,1996,23/06/2000,2000,50,2,1661,0,10
16,1996/0130(COD),13/05/1996,1996,13/12/1999,1999,43,2,294,0,17
17,1996/0131(COD),13/05/1996,1996,13/12/1999,1999,43,2,301,0,17
18,1996/0304(COD),04/12/1996,1996,27/06/2001,2001,54,3,2504,0,10
19,1996/0312(COD),11/12/1996,1996,17/07/2000,2000,43,2,3344,0,10
20,1997/0067(COD),26/02/1997,1997,23/10/2000,2000,44,3,8631,0,10
21,1997/0162(COD),06/06/1997,1997,10/07/2000,2000,37,2,694,0,24
22,1997/0176(COD),17/10/1997,1997,10/11/2001,2001,49,3,1662,0,18
23,1997/0194(COD),09/07/1997,1997,18/09/2000,2000,38,3,3278,0,10
24,1997/0197(COD),03/09/1997,1997,04/04/2001,2001,43,2,3861,0,10
25,1997/0264(COD),10/10/1997,1997,16/05/2000,2000,31,3,3166,0,24
26,1997/0335(COD),08/12/1997,1997,12/12/2006,2006,108,2,2095,0,13
27,1997/0345(COD),02/12/1997,1997,14/05/2001,2001,41,3,3991,0,24
28,1997/0348(COD),10/12/1997,1997,27/06/2001,2001,42,3,1353,0,10
29,1997/0350(COD),03/12/1997,1997,13/12/1999,1999,24,2,2429,0,10
30,1997/0357(COD),15/12/1997,1997,20/03/2000,2000,27,1,,0,24
31,1997/0358(COD),10/12/1997,1997,22/05/2001,2001,41,3,1101,0,13
32,1997/0359(COD),10/12/1997,1997,22/05/2001,2001,41,2,5144,0,24
33,1997/0370(COD),18/11/1997,1997,28/02/2000,2000,27,3,10607,0,11
34,1997/0371(COD),18/11/1997,1997,28/02/2000,2000,27,3,10607,0,11
35,1998/0029(COD),18/02/1998,1998,08/05/2000,2000,27,2,4731,0,10
36,1998/0052(COD),18/02/1998,1998,10/04/2000,2000,26,2,471,0,10
37,1998/0071(COD),23/04/1998,1998,20/03/2000,2000,23,2,1212,0,24
38,1998/0072(COD),23/02/1998,1998,12/03/2001,2001,37,3,6056,0,10
39,1998/0089(COD),02/04/1998,1998,28/02/2000,2000,22,2,1252,0,24
40,1998/0097(COD),11/03/1998,1998,06/06/2000,2000,27,2,1684,0,13
41,1998/0099(COD),25/03/1998,1998,29/06/2000,2000,27,3,2459,0,11
42,1998/0101(COD),18/03/1998,1998,19/07/1999,1999,16,2,2242,0,6
43,1998/0106(COD),19/03/1998,1998,17/04/2000,2000,25,2,1757,0,13
44,1998/0134(COD),03/06/1998,1998,16/11/2000,2000,29,2,2525,0,18
45,1998/0163(COD),20/05/1998,1998,20/03/2000,2000,22,2,1059,0,18
46,1998/0169(COD),06/05/1998,1998,14/02/2000,2000,21,3,1868,0,17
47,1998/0191(COD),13/05/1998,1998,13/12/1999,1999,19,2,3254,0,18
48,1998/0192(COD),20/05/1998,1998,24/01/2000,2000,20,2,1434,0,21
49,1998/0195(COD),27/05/1998,1998,24/01/2000,2000,20,3,3230,0,17
50,1998/0197(COD),28/08/1998,1998,13/04/2000,2000,20,3,3258,0,17
51,1998/0202(COD),12/06/1998,1998,22/06/2000,2000,24,3,1707,0,10
52,1998/0225(COD),08/07/1998,1998,23/10/2001,2001,39,3,1707,0,10
53,1998/0228(COD),14/08/1998,1998,29/06/2000,2000,22,3,7782,0,10
54,1998/0238(COD),13/07/1998,1998,10/04/2000,2000,21,2,1421,0,10
55,1998/0240(COD),27/07/1998,1998,16/12/1999,1999,17,2,2995,0,10
56,1998/0242(COD),17/07/1998,1998,21/01/2002,2002,42,2,7973,0,8
57,1998/0243(COD),17/07/1998,1998,21/01/2002,2002,42,2,3990,0,8
58,1998/0245(COD),19/11/1998,1998,23/09/2002,2002,46,2,4453,0,24
59,1998/0247(COD),03/09/1998,1998,22/05/2000,2000,20,2,1865,0,10
60,1998/0249(COD),17/07/1998,1998,27/11/2000,2000,28,3,3739,0,13
61,1998/0252(COD),21/09/1998,1998,18/09/2000,2000,24,2,2896,0,8
62,1998/0253(COD),21/09/1998,1998,18/09/2000,2000,24,2,478,0,8
63,1998/0265(COD),29/09/1998,1998,26/02/2001,2001,29,3,1082,0,13
64,1998/0266(COD),29/09/1998,1998,26/02/2001,2001,29,3,887,0,13
65,1998/0267(COD),31/03/1998,1998,26/02/2001,2001,35,3,8886,0,13
66,1998/0272(COD),03/09/1998,1998,13/12/1999,1999,15,2,2062,0,10
67,1998/0277(COD),28/09/1998,1998,27/09/2001,2001,36,2,1137,0,24
68,1998/0289(COD),29/10/1998,1998,04/12/2000,2000,25,3,5918,0,10
69,1998/0296(COD),11/11/1998,1998,22/05/2000,2000,18,2,1782,0,15
70,1998/0300(COD),21/10/1998,1998,22/01/2001,2001,27,2,2082,0,25
71,1998/0301(COD),03/11/1998,1998,14/12/2000,2000,25,3,1978,0,10
72,1998/0303(COD),30/10/1998,1998,19/03/2001,2001,29,3,4389,0,10
73,1998/0314(COD),11/11/1998,1998,17/12/1999,1999,13,2,1415,0,18
74,1998/0315(COD),11/11/1998,1998,11/03/2002,2002,40,3,2913,0,9
75,1998/0318(COD),24/11/1998,1998,22/06/2000,2000,19,3,1497,0,9
76,1998/0319(COD),24/11/1998,1998,11/03/2002,2002,40,3,3038,0,9
77,1998/0321(COD),24/11/1998,1998,13/12/1999,1999,13,2,2106,0,9
78,1998/0323(COD),07/01/1999,1999,22/05/2001,2001,28,2,5673,0,10
79,1998/0324(COD),07/01/1999,1999,22/05/2001,2001,28,1,583,0,15
80,1998/0325(COD),18/11/1998,1998,08/06/2000,2000,19,2,6484,0,24
81,1998/0327(COD),27/11/1998,1998,27/06/2001,2001,31,2,584,0,9
82,1998/0333(COD),01/12/1998,1998,16/11/2000,2000,23,2,2047,0,10
83,1998/0336(COD),09/12/1998,1998,17/07/2000,2000,19,3,4137,0,10
84,1998/0350(COD),16/12/1998,1998,20/12/2000,2000,24,3,1368,0,10
85,1998/0358(COD),16/12/1998,1998,04/04/2001,2001,28,3,4476,0,10
86,1998/0360(COD),21/12/1998,1998,30/04/2004,2004,64,2,14388,0,9
87,1999/0007(COD),10/02/1999,1999,26/06/2000,2000,16,2,1317,0,24
88,1999/0010(COD),27/01/1999,1999,25/11/2002,2002,46,2,1509,0,10
89,1999/0014(COD),04/02/1999,1999,22/12/1999,1999,10,1,782,0,11
90,1999/0015(COD),03/02/1999,1999,07/11/2000,2000,21,3,2784,0,4
91,1999/0020(COD),28/01/1999,1999,07/11/2000,2000,21,3,2446,0,4
92,1999/0022(COD),27/01/1999,1999,18/12/2000,2000,23,2,1031,0,13
93,1999/0051(COD),05/03/1999,1999,23/11/1999,1999,8,1,317,0,15
94,1999/0067(COD),09/06/1999,1999,23/10/2001,2001,28,3,2833,0,10
95,1999/0068(COD),09/06/1999,1999,12/02/2002,2002,32,3,4045,0,10
96,1999/0070(COD),12/03/1999,1999,29/06/2000,2000,15,2,4298,0,4
97,1999/0083(COD),17/05/1999,1999,10/10/2000,2000,17,2,2845,0,13
98,1999/0085(COD),08/04/1999,1999,30/04/2004,2004,60,1,5923,0,24
99,1999/0087(COD),17/05/1999,1999,10/10/2000,2000,17,2,1727,0,13
100,1999/0090(COD),14/04/1999,1999,20/03/2000,2000,11,1,,0,24
101,1999/0117(COD),25/06/1999,1999,18/03/2002,2002,33,2,3377,0,24
102,1999/0127(COD),16/06/1999,1999,18/09/2000,2000,15,2,7127,0,11
103,1999/0134(COD),28/06/1999,1999,06/11/2001,2001,28,1,25000,0,24
104,1999/0137(COD),08/07/1999,1999,28/09/2000,2000,14,2,994,0,15
105,1999/0152(COD),14/07/1999,1999,04/12/2001,2001,29,3,8190,0,19
106,1999/0153(COD),14/09/1999,1999,18/12/2000,2000,15,1,8565,1,19
107,1999/0158(COD),22/07/1999,1999,12/02/2001,2001,19,2,1168,0,10
108,1999/0159(COD),22/07/1999,1999,27/06/2001,2001,23,2,849,0,10
109,1999/0160(COD),22/07/1999,1999,27/06/2001,2001,23,2,969,0,10
110,1999/0180(COD),08/09/1999,1999,06/11/2001,2001,26,1,16727,0,24
111,1999/0188(COD),14/09/1999,1999,18/09/2000,2000,12,1,4501,0,24
112,1999/0194(COD),15/09/1999,1999,17/07/2000,2000,10,1,297,0,4
113,1999/0200(COD),18/10/1999,1999,07/11/2000,2000,13,2,1254,0,8
114,1999/0204(COD),13/10/1999,1999,17/07/2000,2000,9,2,6781,0,10
115,1999/0208(COD),13/10/1999,1999,17/07/2000,2000,9,1,6004,1,17
116,1999/0217(COD),25/10/1999,1999,16/05/2000,2000,7,1,2022,0,15
117,1999/0233(COD),22/11/1999,1999,27/06/2001,2001,19,1,1788,0,10
118,1999/0238(COD),10/11/1999,1999,14/12/2005,2005,73,2,2466,0,10
119,1999/0244(COD),16/11/1999,1999,05/06/2001,2001,19,3,6746,0,10
120,1999/0252(COD),25/11/1999,1999,19/03/2001,2001,16,2,6377,0,13
121,1999/0259(COD),17/12/1999,1999,07/05/2002,2002,29,3,3666,0,10
122,1999/0264(COD),10/12/1999,1999,04/04/2001,2001,16,1,1396,0,13
123,1999/0269(COD),10/12/1999,1999,19/07/2002,2002,31,2,1636,0,10
124,1999/0275(COD),14/12/1999,1999,19/01/2001,2001,13,2,2737,0,17
125,2000/0006(COD),06/01/2000,2000,19/06/2001,2001,17,2,1883,0,10
126,2000/0014(COD),10/01/2000,2000,07/11/2000,2000,10,1,1378,0,8
127,2000/0015(COD),07/01/2000,2000,28/01/2002,2002,24,3,2369,0,15
128,2000/0019(COD),10/01/2000,2000,03/12/2001,2001,23,1,1094,0,8
129,2000/0020(COD),07/01/2000,2000,16/05/2000,2000,4,1,820,0,11
130,2000/0021(COD),21/01/2000,2000,10/07/2001,2001,18,2,4615,0,17
131,2000/0022(COD),24/01/2000,2000,12/02/2001,2001,13,2,2607,1,17
132,2000/0032(COD),26/01/2000,2000,30/05/2001,2001,16,1,3573,1,19
133,2000/0033(COD),15/03/1999,1999,06/11/2001,2001,32,2,5644,0,11
134,2000/0034(COD),31/01/2000,2000,04/04/2001,2001,14,2,1224,0,4
135,2000/0035(COD),07/02/2000,2000,20/11/2001,2001,21,1,8990,0,10
136,2000/0040(COD),14/02/2000,2000,22/01/2001,2001,11,2,1311,0,10
137,2000/0043(COD),24/02/2000,2000,27/09/2001,2001,19,1,2664,0,24
138,2000/0044(COD),28/02/2000,2000,07/05/2001,2001,14,1,1982,0,13
139,2000/0060(COD),23/03/2000,2000,18/02/2002,2002,23,2,3876,0,13
140,2000/0062(COD),14/03/2000,2000,23/07/2001,2001,16,2,2836,0,25
141,2000/0065(COD),21/03/2000,2000,19/12/2001,2001,21,3,5318,0,14
142,2000/0066(COD),21/03/2000,2000,19/12/2001,2001,21,3,6384,0,14
143,2000/0067(COD),21/03/2000,2000,18/02/2002,2002,23,2,9193,0,13
144,2000/0068(COD),21/03/2000,2000,23/07/2001,2001,16,2,3748,0,10
145,2000/0069(COD),24/03/2000,2000,12/12/2006,2006,81,2,3217,0,13
146,2000/0070(COD),28/04/2000,2000,05/06/2001,2001,13,1,2543,0,9
147,2000/0073(COD),29/03/2000,2000,03/12/2001,2001,20,3,16215,0,10
148,2000/0077(COD),05/04/2000,2000,27/02/2003,2003,34,3,5325,0,10
149,2000/0080(COD),08/05/2000,2000,10/06/2002,2002,25,2,4651,0,10
150,2000/0104(COD),20/06/2000,2000,25/06/2002,2002,24,3,1743,0,10
151,2000/0115(COD),10/05/2000,2000,31/03/2004,2004,46,3,37957,0,24
152,2000/0116(COD),10/05/2000,2000,27/09/2001,2001,16,2,9719,0,11
153,2000/0117(COD),10/05/2000,2000,31/03/2004,2004,46,3,41322,0,24
154,2000/0119(COD),16/05/2000,2000,23/09/2002,2002,28,3,3485,0,10
155,2000/0121(COD),22/05/2000,2000,04/12/2001,2001,18,2,16892,0,13
156,2000/0131(COD),06/06/2000,2000,04/04/2001,2001,10,1,9519,0,24
157,2000/0132(COD),24/05/2000,2000,22/09/2003,2003,40,2,2939,0,10
158,2000/0136(COD),22/06/2000,2000,19/07/2002,2002,25,3,6351,0,10
159,2000/0139(COD),30/05/2000,2000,10/06/2002,2002,24,2,12655,0,13
160,2000/0140(COD),20/06/2000,2000,19/01/2001,2001,7,1,11724,0,13
161,2000/0142(COD),07/06/2000,2000,23/09/2002,2002,27,3,6727,0,21
162,2000/0145(COD),06/06/2000,2000,13/05/2002,2002,23,2,4020,0,13
163,2000/0157(COD),16/06/2000,2000,07/12/2001,2001,18,3,4885,0,9
164,2000/0158(COD),13/06/2000,2000,27/01/2003,2003,31,3,26969,0,10
165,2000/0159(COD),13/06/2000,2000,27/01/2003,2003,31,3,24681,0,10
166,2000/0162(COD),28/06/2000,2000,05/11/2002,2002,28,2,29345,0,24
167,2000/0169(COD),29/06/2000,2000,28/01/2003,2003,31,3,12084,0,10
168,2000/0170(COD),06/07/2000,2000,28/09/2000,2000,2,1,416,0,10
169,2000/0174(COD),20/07/2000,2000,28/05/2001,2001,10,1,2420,0,24
170,2000/0175(COD),06/07/2000,2000,28/09/2000,2000,2,1,487,0,10
171,2000/0178(COD),14/07/2000,2000,29/04/2004,2004,45,2,10149,0,10
172,2000/0179(COD),14/07/2000,2000,29/04/2004,2004,45,2,7644,0,10
173,2000/0182(COD),14/07/2000,2000,21/04/2004,2004,45,2,7606,0,10
174,2000/0183(COD),12/07/2000,2000,07/03/2002,2002,20,2,12013,0,24
175,2000/0184(COD),12/07/2000,2000,07/03/2002,2002,20,2,11440,0,11
176,2000/0185(COD),12/07/2000,2000,18/12/2000,2000,5,1,2158,0,11
177,2000/0186(COD),12/07/2000,2000,07/03/2002,2002,20,2,8295,0,11
178,2000/0187(COD),17/07/2000,2000,07/03/2002,2002,20,2,6051,0,11
179,2000/0188(COD),12/07/2000,2000,07/03/2002,2002,20,2,6886,0,11
180,2000/0189(COD),12/07/2000,2000,12/07/2002,2002,24,2,8280,1,19
181,2000/0192(COD),25/07/2000,2000,26/02/2001,2001,7,1,3132,1,10
182,2000/0194(COD),26/07/2000,2000,25/06/2002,2002,23,3,7581,0,10
183,2000/0195(COD),20/07/2000,2000,10/06/2002,2002,23,3,4496,0,9
184,2000/0201(COD),20/07/2000,2000,12/03/2001,2001,8,1,5202,0,8
185,2000/0211(COD),06/09/2000,2000,07/12/2001,2001,15,2,2476,0,10
186,2000/0212(COD),26/07/2000,2000,23/10/2007,2007,87,2,11578,0,13
187,2000/0213(COD),20/09/2000,2000,09/12/2002,2002,27,2,8852,0,8
188,2000/0221(COD),18/09/2000,2000,26/05/2003,2003,32,3,2634,0,10
189,2000/0227(COD),08/09/2000,2000,30/05/2002,2002,20,2,1231,0,10
190,2000/0230(COD),19/10/2000,2000,21/10/2002,2002,24,2,896,0,10
191,2000/0233(COD),15/09/2000,2000,31/03/2004,2004,42,2,8772,0,11
192,2000/0236(COD),15/09/2000,2000,05/11/2002,2002,26,2,8571,0,13
193,2000/0237(COD),15/09/2000,2000,05/11/2002,2002,26,2,8311,0,13
194,2000/0241(COD),20/09/2000,2000,12/02/2002,2002,17,2,894,0,6
195,2000/0246(COD),27/09/2000,2000,15/07/2002,2002,22,2,17458,0,13
196,2000/0249(COD),25/10/2000,2000,05/03/2002,2002,16,1,3629,0,8
197,2000/0251(COD),25/10/2000,2000,05/03/2002,2002,16,1,7929,0,8
198,2000/0259(COD),19/10/2000,2000,03/10/2002,2002,24,3,18781,0,10
199,2000/0260(COD),11/10/2000,2000,03/06/2003,2003,32,2,11660,0,8
200,2000/0262(COD),12/10/2000,2000,16/06/2003,2003,32,3,12770,0,10
201,2000/0286(COD),08/11/2000,2000,28/01/2002,2002,14,2,26621,0,10
202,2000/0291(COD),23/11/2000,2000,19/12/2001,2001,13,2,1848,0,15
203,2000/0297(COD),22/11/2000,2000,01/03/2002,2002,15,2,1940,0,13
204,2000/0315(COD),07/12/2000,2000,08/04/2003,2003,28,2,6027,0,13
205,2000/0323(COD),13/12/2000,2000,27/01/2003,2003,25,3,8955,0,10
206,2000/0325(COD),06/12/2000,2000,27/06/2002,2002,18,2,15617,0,13
207,2000/0327(COD),06/12/2000,2000,27/06/2002,2002,18,2,8997,0,13
208,2000/0328(COD),12/12/2000,2000,22/04/2002,2002,16,2,3350,0,11
209,2000/0331(COD),18/01/2001,2001,26/05/2003,2003,28,3,8475,0,10
210,2000/0332(COD),22/12/2000,2000,05/06/2001,2001,5,1,2020,0,17
211,2000/0336(COD),18/12/2000,2000,09/12/2002,2002,24,2,8471,0,10
212,2000/0338(COD),20/12/2000,2000,29/10/2001,2001,10,2,2867,0,4
213,2000/0343(COD),19/12/2000,2000,13/06/2003,2003,30,3,6066,0,13
214,2001/0004(COD),26/01/2001,2001,17/05/2006,2006,64,2,12351,0,12
215,2001/0005(COD),11/01/2001,2001,23/07/2001,2001,6,2,923,0,4
216,2001/0006(COD),15/01/2001,2001,23/09/2002,2002,20,2,6873,0,8
217,2001/0018(COD) ,15/01/2001,2001,06/02/2003,2003,25,3,1645,0,10
218,2001/0023(COD) ,25/01/2001,2001,05/11/2002,2002,21,2,2594,0,8
219,2001/0026(COD) ,07/02/2001,2001,18/02/2002,2002,12,2,2857,0,13
220,2001/0029(COD) ,24/01/2001,2001,22/07/2002,2002,18,3,4881,0,10
221,2001/0033(COD) ,02/02/2001,2001,15/07/2003,2003,29,2,2449,0,13
222,2001/0044(COD) ,13/02/2001,2001,19/07/2002,2002,17,1,4339,0,24
223,2001/0046(COD) ,14/02/2001,2001,26/05/2003,2003,27,2,2832,0,13
224,2001/0048(COD) ,12/02/2001,2001,16/12/2002,2002,22,2,4152,0,13
225,2001/0053(COD) ,21/02/2001,2001,27/06/2002,2002,16,2,4912,0,11
226,2001/0056(COD) ,21/02/2001,2001,10/06/2002,2002,16,1,2395,0,8
227,2001/0060(COD) ,10/10/2001,2001,11/03/2003,2003,17,3,2495,0,13
228,2001/0077(COD) ,13/03/2001,2001,26/06/2003,2003,27,2,11659,0,11
229,2001/0077A(COD) ,13/03/2001,2001,26/06/2003,2003,27,2,11659,0,11
230,2001/0078(COD) ,13/03/2001,2001,26/06/2003,2003,27,2,8225,1,11
231,2001/0086(COD) ,27/03/2001,2001,06/06/2002,2002,14,2,9985,0,8
232,2001/0095(COD) ,24/04/2001,2001,16/12/2002,2002,20,2,14189,0,8
233,2001/0098(COD) ,11/05/2001,2001,16/12/2002,2002,19,2,9158,0,11
234,2001/0107(COD) ,11/05/2001,2001,03/03/2003,2003,22,3,9451,0,10
235,2001/0110(COD) ,14/05/2001,2001,26/05/2003,2003,24,3,1892,0,10
236,2001/0111(COD) ,23/05/2001,2001,29/04/2004,2004,35,2,19506,0,19
237,2001/0117(COD) ,30/05/2001,2001,04/11/2003,2003,29,2,13831,0,8
238,2001/0118(COD) ,30/05/2001,2001,28/01/2003,2003,20,2,8468,0,8
239,2001/0119(COD) ,30/05/2001,2001,26/05/2003,2003,24,1,7089,0,24
240,2001/0127(COD) ,13/06/2001,2001,08/10/2002,2002,16,2,940,0,9
241,2001/0135(COD) ,14/06/2001,2001,05/11/2002,2002,17,2,2173,0,13
242,2001/0138(COD) ,20/06/2001,2001,27/05/2002,2002,11,1,1228,0,13
243,2001/0139(COD) ,22/06/2001,2001,01/03/2002,2002,8,2,4355,0,10
244,2001/0140(COD) ,20/06/2001,2001,21/04/2004,2004,34,2,14978,0,13
245,2001/0140A(COD) ,20/06/2001,2001,22/07/2003,2003,25,1,14978,0,13
246,2001/0165(COD),20/07/2001,2001,27/03/2003,2003,20,2,5290,0,9
247,2001/0166(COD),23/07/2001,2001,27/02/2003,2003,19,2,2135,0,8
248,2001/0173(COD),25/07/2001,2001,22/09/2003,2003,26,2,17689,0,10
249,2001/0174(COD),25/07/2001,2001,19/12/2001,2001,5,2,3440,0,8
250,2001/0176(COD),01/08/2001,2001,17/11/2003,2003,27,2,6084,0,10
251,2001/0177(COD),01/08/2001,2001,17/11/2003,2003,27,2,6893,0,10
252,2001/0179(COD),03/08/2001,2001,05/11/2002,2002,15,2,2245,0,24
253,2001/0180(COD),25/07/2001,2001,22/09/2003,2003,26,2,6218,0,10
254,2001/0185(COD),19/11/2001,2001,16/06/2003,2003,19,2,4036,0,8
255,2001/0186(COD),22/08/2001,2001,07/12/2001,2001,4,1,918,0,10
256,2001/0197(COD),24/08/2001,2001,22/07/2003,2003,23,2,1966,0,11
257,2001/0199(COD),06/09/2001,2001,10/11/2003,2003,26,2,3221,0,10
258,2001/0202(COD),10/09/2001,2001,16/12/2002,2002,15,1,8423,1,11
259,2001/0210(COD),14/09/2001,2001,21/10/2002,2002,13,1,2177,1,11
260,2001/0211(COD),14/09/2001,2001,21/10/2002,2002,13,1,1833,1,11
261,2001/0212(COD),14/09/2001,2001,13/10/2003,2003,25,2,9107,0,24
262,2001/0226(COD),03/12/2001,2001,21/04/2004,2004,28,2,2076,0,6
263,2001/0229(COD),01/10/2001,2001,29/04/2004,2004,30,2,11394,0,13
264,2001/0234(COD),10/10/2001,2001,16/12/2002,2002,14,3,4195,0,13
265,2001/0235(COD),10/10/2001,2001,10/03/2004,2004,29,3,4865,0,13
266,2001/0236(COD),10/10/2001,2001,10/03/2004,2004,29,3,3281,0,13
267,2001/0237(COD),10/10/2001,2001,10/03/2004,2004,29,3,4680,0,13
268,2001/0241(COD),12/10/2001,2001,15/03/2006,2006,53,3,12379,0,13
269,2001/0243(COD),23/10/2001,2001,13/05/2002,2002,7,1,1166,0,4
270,2001/0244(COD),16/10/2001,2001,06/02/2003,2003,16,2,4917,0,17
271,2001/0245(COD),23/10/2001,2001,13/10/2003,2003,24,2,12504,0,10
272,2001/0251(COD),23/10/2001,2001,19/12/2001,2001,2,1,1135,0,4
273,2001/0252(COD),26/11/2001,2001,31/03/2004,2004,28,2,23300,0,10
274,2001/0253(COD),26/11/2001,2001,31/03/2004,2004,28,2,16417,0,10
275,2001/0254(COD),26/11/2001,2001,31/03/2004,2004,28,2,20096,0,10
276,2001/0255(COD),24/10/2001,2001,11/02/2004,2004,28,2,3321,0,10
277,2001/0257(COD),10/12/2001,2001,16/12/2003,2003,24,3,5865,0,10
278,2001/0265(COD),07/11/2001,2001,08/05/2003,2003,18,2,7638,0,11
279,2001/0267(COD),07/11/2001,2001,15/04/2002,2002,5,1,727,0,10
280,2001/0268(COD),07/11/2001,2001,15/04/2002,2002,5,1,723,0,10
281,2001/0277(COD),28/11/2001,2001,22/07/2003,2003,20,2,1750,0,10
282,2001/0281(COD),28/11/2001,2001,16/12/2002,2002,13,2,2510,0,8
283,2001/0282(COD),28/11/2001,2001,26/03/2002,2002,4,1,6854,0,13
284,2001/0291(COD),07/12/2001,2001,11/02/2004,2004,26,3,1496,0,10
285,2001/0293(COD),13/12/2001,2001,16/06/2003,2003,18,2,3932,0,9
286,2001/0296(COD),22/03/2000,2000,12/07/2002,2002,28,1,1432,1,11
287,2001/0305(COD),21/12/2001,2001,11/02/2004,2004,26,3,7479,0,13
288,2001/0310(COD),20/12/2001,2001,22/12/2003,2003,24,3,1105,0,13
289,2001/0311(COD),20/12/2001,2001,26/06/2003,2003,18,2,11704,0,11
290,2001/0314(COD),27/12/2001,2001,29/09/2003,2003,21,2,912,0,20
291,2001/0317(COD),07/01/2002,2002,10/11/2003,2003,22,2,1940,0,24
292,2002/0008(COD),17/01/2002,2002,31/03/2004,2004,26,2,5302,0,10
293,2002/0013(COD),11/01/2002,2002,27/05/2002,2002,4,2,2389,0,13
294,2002/0014(COD),14/01/2002,2002,21/04/2004,2004,27,3,4828,0,24
295,2002/0015(COD),17/01/2002,2002,03/12/2002,2002,11,2,6008,0,8
296,2002/0017(COD),16/01/2002,2002,26/05/2003,2003,16,2,7099,0,24
297,2002/0021(COD),23/01/2002,2002,21/04/2004,2004,27,3,21044,0,24
298,2002/0022(COD),23/01/2002,2002,29/04/2004,2004,27,3,16013,0,13
299,2002/0023(COD),24/01/2002,2002,29/04/2004,2004,27,3,9172,0,13
300,2002/0024(COD),24/01/2002,2002,29/04/2004,2004,27,3,10877,0,13
301,2002/0025(COD),23/01/2002,2002,29/04/2004,2004,27,3,1757,0,13
302,2002/0026(COD),24/01/2002,2002,28/01/2003,2003,12,1,14547,0,10
303,2002/0029(COD),23/01/2002,2002,11/02/2003,2003,13,1,3885,0,24
304,2002/0038(COD),04/02/2002,2002,22/07/2003,2003,17,2,16361,0,13
305,2002/0040(COD),12/02/2002,2002,26/05/2003,2003,15,2,1973,0,10
306,2002/0044(COD),13/02/2002,2002,21/10/2002,2002,8,1,811,0,15
307,2002/0046(COD),18/02/2002,2002,15/07/2003,2003,17,2,5078,0,10
308,2002/0051(COD),04/03/2002,2002,15/07/2003,2003,16,1,3322,0,4
309,2002/0052(COD),07/03/2002,2002,15/07/2003,2003,16,1,3205,0,4
310,2002/0061(COD),07/03/2002,2002,07/09/2005,2005,42,2,22324,0,12
311,2002/0067(COD),12/03/2002,2002,21/04/2004,2004,25,2,4674,0,13
312,2002/0071(COD),22/03/2002,2002,16/06/2003,2003,15,1,1598,0,19
313,2002/0072(COD),20/03/2002,2002,19/11/2008,2008,80,2,9215,0,9
314,2002/0073(COD),22/03/2002,2002,22/09/2003,2003,18,2,8849,0,15
315,2002/0074(COD),25/03/2002,2002,14/04/2003,2003,13,1,7283,0,13
316,2002/0075(COD),25/03/2002,2002,14/04/2003,2003,13,1,3340,0,13
317,2002/0078(COD),27/03/2002,2002,30/09/2002,2002,6,1,1234,0,11
318,2002/0082(COD),09/04/2002,2002,26/06/2003,2003,14,2,11334,0,11
319,2002/0090(COD),18/04/2002,2002,21/04/2004,2004,24,2,13837,0,24
320,2002/0101(COD),29/04/2002,2002,27/02/2003,2003,10,1,2677,0,17
321,2002/0109(COD),15/05/2002,2002,16/06/2003,2003,13,2,1262,0,8
322,2002/0112(COD),09/07/2002,2002,18/06/2003,2003,11,1,7867,0,24
323,2002/0122(COD),03/06/2002,2002,15/07/2003,2003,13,1,5572,1,24
324,2002/0123(COD),05/06/2002,2002,17/11/2003,2003,17,2,8291,0,11
325,2002/0124(COD),07/06/2002,2002,11/05/2005,2005,35,2,10414,0,12
326,2002/0128(COD),19/06/2002,2002,31/03/2004,2004,21,2,11612,0,10
327,2002/0131(COD),24/06/2002,2002,04/11/2003,2003,16,1,6026,0,24
328,2002/0132(COD),25/06/2002,2002,26/10/2005,2005,40,2,4244,0,19
329,2002/0141(COD),11/07/2002,2002,29/04/2004,2004,21,2,3770,0,10
330,2002/0149(COD),12/07/2002,2002,14/04/2003,2003,9,1,7302,0,13
331,2002/0152(COD),11/07/2002,2002,22/12/2003,2003,17,2,2691,0,10
332,2002/0163(COD),15/07/2002,2002,10/11/2003,2003,16,1,5970,1,10
333,2002/0164(COD),15/07/2002,2002,17/11/2003,2003,16,2,7437,0,10
334,2002/0165(COD),17/07/2002,2002,05/12/2003,2003,17,2,11896,0,17
335,2002/0169(COD),17/07/2002,2002,22/07/2003,2003,12,2,3761,1,6
336,2002/0179(COD),17/07/2002,2002,22/07/2003,2003,12,2,3809,1,6
337,2002/0181(COD),17/07/2002,2002,22/07/2003,2003,12,2,3726,1,6
338,2002/0182(COD),17/07/2002,2002,22/07/2003,2003,12,2,3574,1,6
339,2002/0185(COD),22/07/2002,2002,11/02/2004,2004,19,2,14882,0,11
340,2002/0187(COD),26/07/2002,2002,17/11/2003,2003,16,2,3733,0,11
341,2002/0201(COD),05/08/2002,2002,18/06/2003,2003,10,1,901,0,10
342,2002/0206(COD),16/08/2002,2002,18/06/2003,2003,10,1,1707,0,10
343,2002/0211(COD),28/08/2002,2002,16/06/2003,2003,10,1,3378,0,11
344,2002/0216(COD),10/06/2002,2002,31/03/2004,2004,21,2,6746,0,10
345,2002/0217(COD),10/09/2002,2002,11/02/2004,2004,17,2,4611,0,19
346,2002/0222(COD),11/09/2002,2002,23/04/2008,2008,67,2,24577,0,12
347,2002/0231(COD),26/09/2002,2002,11/02/2004,2004,17,1,1835,0,24
348,2002/0233(COD),26/09/2002,2002,11/02/2004,2004,17,1,2340,0,24
349,2002/0234(COD),24/09/2002,2002,21/04/2004,2004,19,2,5961,0,13
350,2002/0240(COD),01/10/2002,2002,21/04/2004,2004,18,1,11830,1,24
351,2002/0251(COD),25/10/2002,2002,05/12/2003,2003,13,1,1686,0,11
352,2002/0254(COD),24/10/2002,2002,15/02/2006,2006,40,3,11054,0,10
353,2002/0259(COD),20/11/2002,2002,06/07/2005,2005,32,2,9726,0,10
354,2002/0268(COD),21/11/2002,2002,22/09/2003,2003,10,1,2146,1,10
355,2002/0269(COD),19/11/2002,2002,21/04/2004,2004,17,2,41947,0,8
356,2002/0274(COD),29/11/2002,2002,22/12/2003,2003,13,1,5876,1,10
357,2002/0301(COD),23/12/2002,2002,21/04/2004,2004,16,2,8344,0,10
358,2002/0303(COD),19/12/2002,2002,05/12/2003,2003,12,2,8586,0,17
359,2002/0304(COD),27/12/2002,2002,21/04/2004,2004,16,1,13196,1,10
360,2002/0306(COD),23/12/2002,2002,15/12/2004,2004,24,1,9139,0,11
361,2002/0309(COD),30/12/2002,2002,29/04/2004,2004,16,2,7228,0,13
362,2002/0310(COD),20/12/2002,2002,22/07/2003,2003,7,1,4424,0,13
363,2003/0001(COD),13/01/2003,2003,17/11/2003,2003,10,1,4780,0,13
364,2003/0020(COD),31/01/2003,2003,08/12/2003,2003,10,1,3213,0,10
365,2003/0023(COD),04/02/2003,2003,05/12/2003,2003,10,1,1215,0,15
366,2003/0024(COD),30/01/2003,2003,29/04/2004,2004,15,1,19538,1,24
367,2003/0025(COD),04/02/2003,2003,21/04/2004,2004,14,2,4705,0,21
368,2003/0029(COD),05/02/2003,2003,11/02/2004,2004,12,1,6969,0,10
369,2003/0030(COD),05/02/2003,2003,29/04/2004,2004,14,1,29443,1,10
370,2003/0032(COD),11/02/2003,2003,10/03/2004,2004,13,1,9634,1,11
371,2003/0033(COD),19/02/2003,2003,17/11/2003,2003,9,1,3150,1,13
372,2003/0037(COD),03/12/2002,2002,07/09/2005,2005,33,2,6848,0,13
373,2003/0039(COD),19/02/2003,2003,04/11/2003,2003,8,1,2699,0,20
374,2003/0044(COD),26/02/2003,2003,29/04/2004,2004,14,2,1470,0,13
375,2003/0045(COD),26/03/2003,2003,15/12/2004,2004,21,1,25268,1,8
376,2003/0046(COD),05/03/2003,2003,16/06/2003,2003,3,1,1007,0,10
377,2003/0047(COD),12/03/2003,2003,25/11/2003,2003,8,1,1870,0,9
378,2003/0052(COD),14/03/2003,2003,23/02/2005,2005,23,2,15555,0,10
379,2003/0058(COD),27/03/2003,2003,13/07/2009,2009,76,1,1256,0,18
380,2003/0059(COD),28/03/2003,2003,13/07/2009,2009,76,1,1246,0,18
381,2003/0060(COD),02/04/2003,2003,05/12/2003,2003,8,1,1332,0,15
382,2003/0064(COD),16/04/2003,2003,29/04/2004,2004,12,1,1163,0,17
383,2003/0067(COD),16/04/2003,2003,29/04/2004,2004,12,1,1124,0,17
384,2003/0071(COD),14/04/2003,2003,12/01/2005,2005,21,1,7911,0,10
385,2003/0076(COD),22/04/2003,2003,31/03/2004,2004,11,1,1052,0,17
386,2003/0081(COD),23/04/2003,2003,29/04/2004,2004,12,2,6384,1,13
387,2003/0084(COD),29/04/2003,2003,08/12/2003,2003,7,1,2865,0,10
388,2003/0085(COD),29/04/2003,2003,10/11/2003,2003,6,1,795,0,15
389,2003/0086(COD),29/04/2003,2003,06/07/2005,2005,26,1,2635,0,11
390,2003/0089(COD),02/05/2003,2003,31/03/2004,2004,10,1,8482,0,13
391,2003/0094(COD),12/05/2003,2003,12/12/2006,2006,43,1,3009,0,24
392,2003/0095(COD),08/05/2003,2003,10/03/2004,2004,10,2,2802,0,8
393,2003/0099(COD),12/05/2003,2003,23/04/2009,2009,71,1,2754,0,18
394,2003/0107(COD),02/06/2003,2003,15/03/2006,2006,33,3,23497,0,10
395,2003/0109(COD),27/05/2003,2003,29/04/2004,2004,11,2,2568,0,21
396,2003/0113(COD),27/05/2003,2003,21/04/2004,2004,11,2,2368,0,17
397,2003/0114(COD),27/05/2003,2003,21/04/2004,2004,11,2,3398,0,17
398,2003/0115(COD),27/05/2003,2003,21/04/2004,2004,11,2,2463,0,17
399,2003/0119(COD),12/06/2003,2003,29/04/2004,2004,10,1,11740,1,10
400,2003/0122(COD),13/06/2003,2003,11/02/2004,2004,8,1,1332,0,13
401,2003/0124(COD),11/06/2003,2003,10/03/2004,2004,9,1,3846,0,19
402,2003/0126(COD),20/06/2003,2003,31/03/2004,2004,9,1,4044,0,8
403,2003/0128(COD),20/06/2003,2003,07/09/2005,2005,27,2,3670,0,13
404,2003/0130(COD),20/06/2003,2003,07/09/2005,2005,27,2,5390,0,13
405,2003/0134(COD),18/06/2003,2003,11/05/2005,2005,23,2,12368,0,12
406,2003/0136(COD),20/06/2003,2003,07/09/2005,2005,27,2,3227,0,13
407,2003/0138(COD),17/02/2003,2003,31/03/2004,2004,13,1,5391,0,9
408,2003/0139(COD),30/06/2003,2003,14/06/2006,2006,35,2,35765,0,10
409,2003/0147(COD),08/07/2003,2003,21/04/2004,2004,9,2,6949,0,11
410,2003/0152(COD),27/05/2003,2003,21/04/2004,2004,11,1,2502,1,7
411,2003/0153(COD),14/07/2003,2003,05/09/2007,2007,50,2,19425,0,12
412,2003/0156(COD),11/07/2003,2003,31/03/2004,2004,8,1,1478,0,4
413,2003/0159(COD),06/08/2003,2003,31/03/2004,2004,7,1,4983,0,13
414,2003/0162(COD),18/07/2003,2003,27/10/2004,2004,15,1,8813,1,24
415,2003/0164(COD),16/07/2003,2003,15/12/2004,2004,17,1,12825,1,10
416,2003/0165(COD),16/07/2003,2003,20/12/2006,2006,41,2,10560,0,10
417,2003/0167(COD),24/07/2003,2003,13/04/2005,2005,21,2,4260,0,12
418,2003/0168(COD),22/07/2003,2003,11/07/2007,2007,48,3,19847,0,24
419,2003/0172(COD),01/08/2003,2003,06/07/2005,2005,23,2,18652,0,10
420,2003/0173(COD),23/07/2003,2003,27/10/2004,2004,15,1,9542,1,10
421,2003/0174(COD),08/08/2003,2003,21/04/2004,2004,8,1,11514,1,10
422,2003/0175(COD),02/07/2003,2003,17/05/2006,2006,34,2,10700,0,13
423,2003/0176(COD),30/07/2003,2003,21/04/2004,2004,9,2,3340,0,21
424,2003/0180(COD),05/08/2003,2003,21/04/2004,2004,8,1,4339,0,13
425,2003/0184(COD),31/07/2003,2003,13/04/2005,2005,20,2,7713,0,9
426,2003/0189A(COD),11/08/2003,2003,17/05/2006,2006,33,3,12552,0,10
427,2003/0189B(COD),11/08/2003,2003,17/05/2006,2006,33,3,12552,0,10
428,2003/0198(COD),21/08/2003,2003,06/07/2005,2005,23,2,5065,0,19
429,2003/0199(COD),25/08/2003,2003,21/04/2004,2004,8,1,2153,0,11
430,2003/0200(COD),20/08/2003,2003,12/01/2005,2005,17,1,2343,0,11
431,2003/0204(COD),29/08/2003,2003,31/03/2004,2004,7,1,1251,0,11
432,2003/0205(COD),05/09/2003,2003,28/09/2005,2005,24,1,12879,0,10
433,2003/0207(COD),29/08/2003,2003,12/12/2006,2006,39,1,1786,0,24
434,2003/0210(COD),19/09/2003,2003,12/12/2006,2006,39,3,4672,0,10
435,2003/0221(COD),24/09/2003,2003,18/01/2006,2006,28,1,1506,0,24
436,2003/0222(COD),25/09/2003,2003,29/04/2004,2004,7,1,1369,0,13
437,2003/0226(COD),10/10/2003,2003,26/10/2005,2005,24,1,2327,1,13
438,2003/0234(COD),15/10/2003,2003,22/06/2004,2004,8,1,811,0,6
439,2003/0242(COD),24/10/2003,2003,06/09/2006,2006,34,3,13096,0,10
440,2003/0245(COD),21/10/2003,2003,27/10/2004,2004,12,1,2354,0,4
441,2003/0250(COD),21/05/2003,2003,15/12/2004,2004,19,1,3534,0,4
442,2003/0252(COD),21/10/2003,2003,20/12/2006,2006,38,2,14829,1,13
443,2003/0255(COD),21/10/2003,2003,15/03/2006,2006,29,3,9090,0,13
444,2003/0256(COD),29/10/2003,2003,18/12/2006,2006,38,2,59743,0,10
445,2003/0257(COD),29/10/2003,2003,18/12/2006,2006,38,2,1850,1,10
446,2003/0260(COD),05/11/2003,2003,15/09/2004,2004,10,1,3830,1,10
447,2003/0262(COD),10/11/2003,2003,20/12/2006,2006,37,2,10934,0,10
448,2003/0263(COD),05/11/2003,2003,09/03/2005,2005,16,1,10481,0,8
449,2003/0272(COD),17/11/2003,2003,27/10/2004,2004,11,1,7009,1,10
450,2003/0274(COD),17/11/2003,2003,13/04/2005,2005,17,2,1744,0,17
451,2003/0277(COD),18/11/2003,2003,26/10/2005,2005,23,1,6053,1,18
452,2003/0282(COD),21/11/2003,2003,06/09/2006,2006,34,3,17238,0,10
453,2003/0283(COD),27/11/2003,2003,05/04/2006,2006,28,1,3253,0,24
454,2003/0285(COD),27/11/2003,2003,18/01/2006,2006,26,1,1288,0,24
455,2003/0291(COD),11/12/2003,2003,15/02/2006,2006,26,2,4582,0,13
456,2003/0292(COD),08/12/2003,2003,21/07/2004,2004,7,1,2238,0,11
457,2003/0293(COD),10/12/2003,2003,17/11/2004,2004,11,1,885,0,17
458,2003/0296(COD),16/12/2003,2003,06/07/2005,2005,19,2,2702,0,8
459,2003/0297(COD),10/12/2003,2003,06/09/2006,2006,33,2,7679,0,11
460,2003/0300(COD),10/12/2003,2003,05/04/2006,2006,28,2,14029,0,11
461,2003/0301(COD),10/12/2003,2003,18/01/2006,2006,25,1,4959,1,11
462,2003/0302(COD),10/12/2003,2003,28/09/2005,2005,21,2,5654,0,11
463,2003/0303(COD),26/03/2003,2003,21/04/2004,2004,13,1,2448,0,6
464,2003/0304(COD),10/12/2003,2003,21/04/2004,2004,4,1,2322,0,6
465,2003/0305(COD),10/12/2003,2003,21/04/2004,2004,4,1,1703,0,6
466,2003/0307(COD),17/12/2003,2003,15/12/2004,2004,12,2,9026,0,17
467,2003/0325(COD),13/04/2004,2004,06/07/2005,2005,15,1,1635,0,8
468,2003/0333(COD),07/01/2004,2004,15/02/2006,2006,25,1,2838,0,18
469,2004/0001(COD),13/01/2004,2004,12/12/2006,2006,35,2,30581,1,12
470,2004/0002(COD),19/01/2004,2004,06/09/2006,2006,32,1,2873,0,18
471,2004/0017(COD),02/02/2004,2004,12/12/2006,2006,34,1,1138,0,18
472,2004/0023(COD),12/03/2004,2004,11/05/2005,2005,14,1,5029,1,19
473,2004/0025(COD),13/02/2004,2004,09/03/2005,2005,13,2,5849,0,11
474,2004/0031(COD),10/02/2004,2004,26/10/2005,2005,20,1,5289,1,13
475,2004/0036(COD),13/02/2004,2004,16/11/2005,2005,21,1,1983,1,10
476,2004/0040(COD),23/02/2004,2004,12/01/2005,2005,11,1,918,0,4
477,2004/0041(COD),17/02/2004,2004,07/09/2005,2005,19,1,3825,0,9
478,2004/0045(COD),24/02/2004,2004,09/03/2005,2005,12,1,5139,0,10
479,2004/0047(COD),03/03/2004,2004,23/10/2007,2007,43,3,4157,0,13
480,2004/0048(COD),03/03/2004,2004,23/10/2007,2007,43,3,13323,0,13
481,2004/0049(COD),03/03/2004,2004,23/10/2007,2007,43,3,10125,0,13
482,2004/0053(COD),11/03/2004,2004,26/10/2005,2005,19,1,9494,1,10
483,2004/0055(COD),19/03/2004,2004,12/12/2006,2006,33,2,12057,0,18
484,2004/0063(COD),16/03/2004,2004,28/09/2005,2005,18,1,2183,0,19
485,2004/0065(COD),16/03/2004,2004,17/05/2006,2006,26,1,13576,1,18
486,2004/0066(COD),16/03/2004,2004,16/11/2005,2005,20,1,1722,1,17
487,2004/0084(COD),21/04/2004,2004,05/07/2006,2006,26,2,22247,1,21
488,2004/0097(COD),21/04/2004,2004,16/11/2005,2005,19,1,29233,0,8
489,2004/0098(COD),26/04/2004,2004,07/09/2005,2005,16,1,4469,1,13
490,2004/0099(COD),26/04/2004,2004,14/12/2005,2005,20,1,4111,0,4
491,2004/0111(COD),28/04/2004,2004,26/10/2005,2005,18,1,1563,0,10
492,2004/0117(COD),30/04/2004,2004,20/12/2006,2006,32,2,2220,0,17
493,2004/0123(COD),25/05/2004,2004,07/09/2005,2005,15,1,9645,0,13
494,2004/0127(COD),26/05/2004,2004,15/03/2006,2006,22,1,23609,1,19
495,2004/0137(COD),30/06/2004,2004,26/10/2005,2005,16,1,10413,1,19
496,2004/0146(COD),12/07/2004,2004,05/04/2006,2006,21,2,8058,1,13
497,2004/0150(COD),14/07/2004,2004,12/12/2006,2006,29,2,6521,0,17
498,2004/0151(COD),14/07/2004,2004,15/11/2006,2006,28,2,7599,0,17
499,2004/0152(COD),14/07/2004,2004,15/11/2006,2006,28,2,6772,1,17
500,2004/0153(COD),14/07/2004,2004,15/11/2006,2006,28,2,13913,1,17
501,2004/0154(COD),14/07/2004,2004,20/06/2007,2007,35,2,12812,1,6
502,2004/0155(COD),14/07/2004,2004,14/06/2006,2006,23,1,26316,1,8
503,2004/0156(COD),14/07/2004,2004,09/07/2008,2008,48,1,3690,1,11
504,2004/0157(COD),14/07/2004,2004,24/10/2006,2006,27,1,7867,1,13
505,2004/0158(COD),14/07/2004,2004,24/10/2006,2006,27,2,6136,1,9
506,2004/0159(COD),14/07/2004,2004,14/06/2006,2006,23,1,12060,1,8
507,2004/0165(COD),14/07/2004,2004,05/07/2006,2006,24,2,3575,0,9
508,2004/0167(COD),13/04/2004,2004,05/07/2006,2006,27,2,5434,0,14
509,2004/0168(COD),23/07/2004,2004,14/03/2007,2007,32,2,2071,0,14
510,2004/0175(COD),23/07/2004,2004,14/03/2007,2007,32,3,8614,0,10
511,2004/0194(COD),19/08/2004,2004,07/09/2005,2005,13,1,1915,0,21
512,2004/0202(COD),15/09/2004,2004,26/10/2005,2005,13,1,537,0,14
513,2004/0217(COD),29/09/2004,2004,12/12/2006,2006,26,2,13096,0,10
514,2004/0218(COD),14/04/2004,2004,25/05/2007,2007,37,3,5574,0,10
515,2004/0219(COD),29/09/2004,2004,24/10/2006,2006,25,1,10406,1,1
516,2004/0220(COD),01/10/2004,2004,18/10/2006,2006,24,2,9827,1,4
517,2004/0223(COD),29/09/2004,2004,15/11/2006,2006,26,1,10860,1,1
518,2004/0225(COD),07/10/2004,2004,18/01/2006,2006,15,1,3224,0,10
519,2004/0231(COD),07/10/2004,2004,18/01/2006,2006,15,1,6845,1,10
520,2004/0237(COD),11/10/2004,2004,05/07/2006,2006,21,1,5344,0,10
521,2004/0239(COD),12/10/2004,2004,15/02/2006,2006,16,1,3073,1,17
522,2004/0248(COD),25/10/2004,2004,05/09/2007,2007,34,2,3748,0,12
523,2004/0250(COD),27/10/2004,2004,14/06/2006,2006,20,1,4215,1,18
524,2004/0251(COD),22/10/2004,2004,21/05/2008,2008,43,2,4561,1,18
525,2004/0256(COD),29/10/2004,2004,06/09/2006,2006,22,1,5462,1,18
526,2004/0258(COD),29/10/2004,2004,17/05/2006,2006,19,1,4363,1,5
527,2004/0270(COD),06/12/2004,2004,18/12/2006,2006,24,1,4148,0,10
528,2004/0270B(COD),06/12/2004,2004,18/12/2006,2006,24,2,4148,1,10
529,2004/0272(COD),07/12/2004,2004,28/09/2005,2005,9,1,1310,0,11
530,2004/0284(COD),23/12/2004,2004,05/04/2006,2006,15,1,3330,1,9
531,2004/0287(COD),28/12/2004,2004,09/07/2008,2008,42,1,10475,1,19
532,2004/0296(COD),11/08/2004,2004,06/09/2006,2006,25,1,1312,1,10
533,2005/0004(COD),04/02/2005,2005,07/09/2005,2005,7,1,924,0,9
534,2005/0006(COD),23/02/2005,2005,20/12/2006,2006,22,1,7531,1,19
535,2005/0007(COD),16/02/2005,2005,05/07/2006,2006,17,1,8096,1,13
536,2005/0008(COD),16/02/2005,2005,14/12/2005,2005,10,1,3186,1,13
537,2005/0016(COD),15/03/2005,2005,20/06/2007,2007,27,1,2720,0,8
538,2005/0017(COD),08/03/2005,2005,20/12/2006,2006,21,2,7937,0,21
539,2005/0020(COD),15/03/2005,2005,11/07/2007,2007,28,1,6445,1,18
540,2005/0028(COD),15/12/2005,2005,15/01/2008,2008,25,1,4724,1,10
541,2005/0032(COD),05/04/2005,2005,20/02/2008,2008,34,2,3497,0,8
542,2005/0037A(COD),06/04/2005,2005,25/09/2007,2007,29,2,10764,1,21
543,2005/0037B(COD),06/04/2005,2005,25/09/2007,2007,29,2,10764,1,19
544,2005/0040(COD),06/04/2005,2005,25/09/2007,2007,29,2,10764,0,19
545,2005/0041(COD),06/04/2005,2005,12/12/2006,2006,20,2,5639,0,17
546,2005/0042A(COD),06/04/2005,2005,23/04/2007,2007,24,2,7265,0,12
547,2005/0042B(COD),06/04/2005,2005,18/12/2006,2006,20,2,7265,1,12
548,2005/0043(COD),06/04/2005,2005,18/12/2006,2006,20,2,3099,0,11
549,2005/0046(COD),06/04/2005,2005,23/05/2007,2007,25,1,18184,1,19
550,2005/0047(COD),06/04/2005,2005,23/05/2007,2007,25,1,18184,1,19
551,2005/0049(COD),06/04/2005,2005,23/05/2007,2007,25,1,18184,1,19
552,2005/0050(COD),06/04/2005,2005,24/10/2006,2006,18,1,15097,1,11
553,2005/0098(COD),25/05/2005,2005,18/12/2006,2006,19,1,4189,1,13
554,2005/0100(COD),26/05/2005,2005,16/11/2005,2005,6,1,864,0,12
555,2005/0102(COD),30/05/2005,2005,24/10/2006,2006,17,1,4240,1,17
556,2005/0104(COD),31/05/2005,2005,20/12/2006,2006,19,1,3244,1,19
557,2005/0106(COD),31/05/2005,2005,20/12/2006,2006,19,1,11111,1,19
558,2005/0107(COD),01/06/2005,2005,17/05/2006,2006,11,1,5024,1,19
559,2005/0111(COD),14/06/2005,2005,05/04/2006,2006,10,1,2944,1,8
560,2005/0117(COD),22/06/2005,2005,15/02/2006,2006,8,1,3156,1,4
561,2005/0126(COD),07/07/2005,2005,13/11/2007,2007,28,2,4473,1,18
562,2005/0138(COD),26/07/2005,2005,15/11/2006,2006,16,1,6970,1,19
563,2005/0144(COD),29/07/2005,2005,14/12/2005,2005,5,1,3130,0,11
564,2005/0147(COD),03/08/2005,2005,14/12/2005,2005,4,1,2354,0,11
565,2005/0149(COD),11/08/2005,2005,14/12/2005,2005,4,1,4212,1,10
566,2005/0150(COD),08/08/2005,2005,06/09/2006,2006,13,1,2395,1,13
567,2005/0156(COD),10/11/2005,2005,11/07/2007,2007,20,1,4837,1,19
568,2005/0157(COD),18/08/2005,2005,24/10/2006,2006,14,1,3746,0,19
569,2005/0158(COD),22/08/2005,2005,14/06/2006,2006,10,1,3253,1,19
570,2005/0159(COD),22/08/2005,2005,14/06/2006,2006,10,1,3253,0,19
571,2005/0166(COD),31/08/2005,2005,12/12/2006,2006,15,1,8946,1,19
572,2005/0167(COD),01/09/2005,2005,16/12/2008,2008,39,1,7212,1,19
573,2005/0169(COD),07/09/2005,2005,14/12/2005,2005,3,1,7375,0,19
574,2005/0179(COD),23/09/2005,2005,18/12/2006,2006,15,1,3004,1,17
575,2005/0182(COD),21/09/2005,2005,15/03/2006,2006,6,1,5578,1,19
576,2005/0183(COD),21/09/2005,2005,21/05/2008,2008,32,2,10721,0,10
577,2005/0191(COD),22/09/2005,2005,11/03/2008,2008,30,3,6648,0,13
578,2005/0194(COD),11/10/2005,2005,23/05/2007,2007,19,1,7144,1,12
579,2005/0203(COD),05/10/2005,2005,18/12/2006,2006,14,2,5896,1,17
580,2005/0211(COD),24/10/2005,2005,17/06/2008,2008,32,2,8116,0,10
581,2005/0214(COD),20/10/2005,2005,16/04/2014,2014,102,2,5526,1,9
582,2005/0221(COD),10/11/2005,2005,18/12/2006,2006,13,1,4357,1,17
583,2005/0223(COD),11/11/2005,2005,18/12/2006,2006,13,2,3252,1,16
584,2005/0227(COD),16/11/2005,2005,13/11/2007,2007,24,1,9292,1,10
585,2005/0228(COD),15/11/2005,2005,20/02/2008,2008,27,2,10841,0,13
586,2005/0236(COD),23/11/2005,2005,23/04/2009,2009,41,2,10176,0,13
587,2005/0237A(COD),23/11/2005,2005,23/04/2009,2009,41,3,13282,0,13
588,2005/0237B(COD),23/11/2005,2005,23/04/2009,2009,41,3,13282,0,13
589,2005/0238(COD),23/11/2005,2005,23/04/2009,2009,41,3,14497,0,13
590,2005/0239(COD),23/11/2005,2005,23/04/2009,2009,41,3,6714,0,13
591,2005/0240(COD),23/11/2005,2005,23/04/2009,2009,41,3,7616,0,13
592,2005/0241(COD),21/12/2005,2005,23/04/2009,2009,40,3,4607,0,13
593,2005/0242(COD),23/11/2005,2005,23/04/2009,2009,41,2,5512,0,13
594,2005/0244(COD),05/12/2005,2005,12/12/2006,2006,12,1,1877,1,10
595,2005/0245(COD),01/12/2005,2005,13/11/2007,2007,23,1,17878,1,8
596,2005/0246(COD),30/11/2005,2005,23/04/2008,2008,29,2,40212,0,12
597,2005/0247(COD),30/11/2005,2005,15/01/2008,2008,26,2,5641,0,12
598,2005/0248(COD),06/12/2005,2005,23/04/2008,2008,28,1,4149,1,17
599,2005/0253(COD),14/12/2005,2005,13/11/2007,2007,23,1,1716,1,8
600,2005/0258(COD),21/12/2005,2005,18/12/2006,2006,12,1,3439,0,9
601,2005/0260(COD),13/12/2005,2005,11/12/2007,2007,24,2,10145,1,17
602,2005/0261(COD),15/12/2005,2005,17/06/2008,2008,30,1,9082,1,18
603,2005/0263(COD),22/12/2005,2005,05/09/2007,2007,20,1,7646,1,10
604,2005/0265(COD),05/01/2006,2006,11/07/2007,2007,18,1,6604,1,18
605,2005/0277(COD),23/12/2005,2005,18/12/2006,2006,12,1,10895,1,11
606,2005/0281(COD),21/12/2005,2005,19/11/2008,2008,35,2,9669,0,10
607,2005/0282(COD),21/12/2005,2005,20/06/2007,2007,18,1,7312,1,10
608,2005/0283(COD),21/12/2005,2005,23/04/2009,2009,40,1,6339,1,10
609,2006/0004(COD),20/01/2006,2006,25/04/2007,2007,15,1,2843,1,9
610,2006/0005(COD),18/01/2006,2006,23/10/2007,2007,21,2,5808,0,10
611,2006/0006(COD),31/01/2006,2006,05/06/2009,2009,40,2,21551,0,9
612,2006/0008(COD),24/01/2006,2006,05/06/2009,2009,40,2,2576,0,9
613,2006/0011(COD),06/02/2006,2006,20/12/2006,2006,10,1,3684,1,8
614,2006/0018(COD),21/02/2006,2006,25/09/2007,2007,19,2,3508,0,10
615,2006/0020(COD),20/02/2006,2006,11/03/2008,2008,25,1,7367,1,8
616,2006/0031(COD),02/03/2006,2006,21/05/2008,2008,26,1,2941,1,12
617,2006/0033(COD),01/03/2006,2006,21/12/2006,2006,9,1,5880,1,9
618,2006/0042(COD),22/03/2006,2006,11/12/2007,2007,21,1,4150,1,8
619,2006/0046(COD),27/03/2006,2006,25/04/2007,2007,13,1,1532,1,13
620,2006/0066(COD),04/05/2006,2006,11/12/2007,2007,19,1,11135,1,12
621,2006/0067(COD),12/05/2006,2006,12/12/2006,2006,7,1,2517,0,18
622,2006/0070(COD),19/05/2006,2006,12/12/2006,2006,7,1,3522,0,18
623,2006/0071(COD),19/05/2006,2006,12/12/2006,2006,7,1,3668,0,18
624,2006/0073(COD),22/05/2006,2006,12/12/2006,2006,7,1,3596,0,18
625,2006/0075(COD),17/05/2006,2006,23/05/2007,2007,12,1,6057,1,12
626,2006/0076(COD),17/05/2006,2006,11/12/2007,2007,19,1,5470,1,8
627,2006/0084(COD),24/05/2006,2006,11/09/2013,2013,88,2,8314,1,7
628,2006/0088(COD),31/05/2006,2006,23/04/2009,2009,35,2,7249,1,19
629,2006/0099(COD),09/06/2006,2006,22/04/2009,2009,34,1,1231,0,18
630,2006/0112(COD),28/06/2006,2006,20/12/2006,2006,6,1,673,1,6
631,2006/0114(COD),28/06/2006,2006,23/07/2007,2007,13,1,3589,1,7
632,2006/0116(COD),26/06/2006,2006,20/12/2006,2006,6,1,7406,1,1
633,2006/0117(COD),27/06/2006,2006,23/05/2007,2007,11,1,965,1,15
634,2006/0127(COD),14/07/2006,2006,20/06/2007,2007,11,1,6073,1,9
635,2006/0129(COD),17/07/2006,2006,16/12/2008,2008,29,2,5946,0,10
636,2006/0130(COD),18/07/2006,2006,24/09/2008,2008,26,2,17159,1,13
637,2006/0132(COD),12/07/2006,2006,21/10/2009,2009,39,2,9111,0,10
638,2006/0133(COD),12/07/2006,2006,27/06/2007,2007,11,1,8197,1,11
639,2006/0136(COD),12/07/2006,2006,21/10/2009,2009,39,2,19828,0,10
640,2006/0140(COD),19/07/2006,2006,11/07/2007,2007,12,1,8459,1,19
641,2006/0142(COD),19/07/2006,2006,02/04/2009,2009,32,1,27449,1,19
642,2006/0143(COD),28/07/2006,2006,16/12/2008,2008,29,2,5746,0,10
643,2006/0144(COD),28/07/2006,2006,16/12/2008,2008,29,2,7718,0,18
644,2006/0145(COD),28/07/2006,2006,16/12/2008,2008,29,2,9481,0,10
645,2006/0146(COD),01/08/2006,2006,22/10/2008,2008,26,1,1177,0,18
646,2006/0147(COD),28/07/2006,2006,16/12/2008,2008,29,2,8821,0,10
647,2006/0159(COD),04/09/2006,2006,22/10/2008,2008,25,1,2551,0,18
648,2006/0161(COD),05/09/2006,2006,13/07/2009,2009,34,1,1128,0,18
649,2006/0163(COD),05/09/2006,2006,23/04/2008,2008,19,1,6310,1,9
650,2006/0166(COD),12/09/2006,2006,05/09/2007,2007,12,1,9683,1,8
651,2006/0167(COD),10/08/2006,2006,16/11/2011,2011,63,1,1471,1,5
652,2006/0170(COD),25/09/2006,2006,15/01/2008,2008,16,1,6708,0,18
653,2006/0175(COD),28/09/2006,2006,13/07/2009,2009,34,1,1239,0,18
654,2006/0178(COD),29/09/2006,2006,02/06/2007,2007,8,1,1775,0,12
655,2006/0180(COD),02/10/2006,2006,23/10/2007,2007,12,1,2804,1,9
656,2006/0182(COD),05/10/2006,2006,19/11/2008,2008,25,1,5889,1,13
657,2006/0183(COD),05/10/2006,2006,11/07/2007,2007,9,1,4249,1,13
658,2006/0187(COD),04/10/2006,2006,15/01/2008,2008,15,1,5310,1,11
659,2006/0193(COD),13/10/2006,2006,15/01/2008,2008,15,1,1289,1,10
660,2006/0195(COD),13/10/2006,2006,15/01/2008,2008,15,1,1085,1,10
661,2006/0196(COD),18/10/2006,2006,20/02/2008,2008,16,2,10777,1,13
662,2006/0197(COD),18/10/2006,2006,11/03/2008,2008,17,2,8479,1,11
663,2006/0199(COD),18/10/2006,2006,11/03/2008,2008,17,1,1925,1,8
664,2006/0206(COD),26/10/2006,2006,22/10/2008,2008,24,2,4836,0,10
665,2006/0207(COD),24/10/2006,2006,20/12/2006,2006,2,1,742,1,10
666,2006/0209(COD),24/10/2006,2006,20/12/2006,2006,2,1,1340,1,13
667,2006/0210(COD),24/10/2006,2006,18/12/2006,2006,2,1,2480,1,13
668,2006/0214(COD),03/11/2006,2006,16/09/2009,2009,34,1,2743,0,18
669,2006/0216(COD),03/11/2006,2006,15/01/2008,2008,14,1,1208,0,18
670,2006/0217(COD),03/11/2006,2006,11/03/2008,2008,16,1,3241,1,8
671,2006/0218(COD),13/11/2006,2006,23/04/2008,2008,17,1,2369,1,8
672,2006/0219(COD),08/11/2006,2006,13/07/2009,2009,32,1,1307,0,18
673,2006/0220(COD),06/11/2006,2006,22/10/2008,2008,23,1,3095,0,18
674,2006/0221(COD),06/11/2006,2006,13/07/2009,2009,32,1,1290,0,18
675,2006/0222(COD),07/11/2006,2006,30/11/2009,2009,36,1,5100,0,18
676,2006/0225(COD),09/11/2006,2006,13/07/2009,2009,32,1,1196,0,18
677,2006/0229(COD),16/11/2006,2006,11/12/2007,2007,13,1,3699,1,8
678,2006/0236(COD),20/11/2006,2006,11/12/2007,2007,13,1,5855,1,12
679,2006/0246(COD),30/11/2006,2006,17/06/2008,2008,19,1,12670,0,10
680,2006/0249(COD),30/11/2006,2006,23/05/2007,2007,6,1,1591,0,12
681,2006/0258(COD),11/12/2006,2006,25/11/2009,2009,35,3,4839,0,10
682,2006/0264(COD),19/12/2006,2006,22/12/2008,2008,24,1,5711,0,18
683,2006/0272(COD),13/12/2006,2006,16/12/2008,2008,24,2,5544,0,13
684,2006/0273(COD),13/12/2006,2006,17/06/2008,2008,18,1,18303,1,13
685,2006/0274(COD),13/12/2006,2006,16/12/2008,2008,24,2,5619,0,13
686,2006/0278(COD),22/12/2006,2006,24/09/2008,2008,21,2,6425,1,13
687,2006/0279(COD),22/12/2006,2006,11/03/2008,2008,15,1,751,1,19
688,2006/0280(COD),22/12/2006,2006,11/03/2008,2008,15,1,669,0,8
689,2006/0281(COD),22/12/2006,2006,11/03/2008,2008,15,1,955,1,19
690,2006/0282(COD),22/12/2006,2006,11/03/2008,2008,15,1,1967,1,8
691,2006/0283(COD),22/12/2006,2006,11/03/2008,2008,15,1,811,1,8
692,2006/0284(COD),22/12/2006,2006,11/03/2008,2008,15,1,897,1,8
693,2006/0285(COD),22/12/2006,2006,11/03/2008,2008,15,1,1136,1,18
694,2006/0286(COD),22/12/2006,2006,09/07/2008,2008,19,1,3438,1,16
695,2006/0287(COD),22/12/2006,2006,11/03/2008,2008,15,1,1038,1,8
696,2006/0288(COD),22/12/2006,2006,11/03/2008,2008,15,1,1239,1,8
697,2006/0289(COD),22/12/2006,2006,11/03/2008,2008,15,1,679,1,8
698,2006/0290(COD),22/12/2006,2006,09/07/2008,2008,19,1,9369,1,10
699,2006/0291(COD),22/12/2006,2006,11/03/2008,2008,15,1,771,1,10
700,2006/0292(COD),22/12/2006,2006,11/03/2008,2008,15,1,613,1,8
701,2006/0293(COD),12/12/2006,2006,11/03/2008,2008,15,1,688,0,8
702,2006/0294(COD),22/12/2006,2006,11/03/2008,2008,15,1,2573,1,10
703,2006/0295(COD),22/12/2006,2006,11/03/2008,2008,15,1,1016,1,10
704,2006/0296(COD),22/12/2006,2006,11/03/2008,2008,15,1,954,1,10
705,2006/0297(COD),22/12/2006,2006,11/03/2008,2008,15,1,907,1,10
706,2006/0298(COD),22/12/2006,2006,11/03/2008,2008,15,1,680,1,18
707,2006/0299(COD),22/12/2006,2006,11/03/2008,2008,15,1,699,1,8
708,2006/0300(COD),22/12/2006,2006,11/03/2008,2008,15,1,840,1,8
709,2006/0301(COD),22/12/2006,2006,11/03/2008,2008,15,1,1006,1,8
710,2006/0302(COD),22/12/2006,2006,11/03/2008,2008,15,1,868,1,10
711,2006/0303(COD),22/12/2006,2006,11/03/2008,2008,15,1,637,1,10
712,2006/0304(COD),20/12/2006,2006,19/11/2008,2008,23,2,7417,0,10
713,2006/0305(COD),22/12/2006,2006,11/03/2008,2008,15,1,1965,1,8
714,2006/0306(COD),22/12/2006,2006,11/03/2008,2008,15,1,848,1,8
715,2006/0307(COD),22/12/2006,2006,11/03/2008,2008,15,1,1151,1,10
716,2006/0308(COD),31/12/2006,2006,11/12/2007,2007,11,1,2209,0,8
717,2007/0002(COD),10/01/2007,2007,22/10/2008,2008,21,1,3461,1,11
718,2007/0013(COD),24/01/2007,2007,11/03/2009,2009,26,2,5152,0,13
719,2007/0019(COD),31/01/2007,2007,23/04/2009,2009,27,1,7360,1,10
720,2007/0020(COD),07/02/2007,2007,16/12/2008,2008,22,2,5966,1,10
721,2007/0022(COD),09/02/2007,2007,19/11/2008,2008,21,1,5441,1,18
722,2007/0028(COD),14/02/2007,2007,09/07/2008,2008,17,1,6291,1,12
723,2007/0029(COD),14/02/2007,2007,09/07/2008,2008,17,1,11433,1,12
724,2007/0030(COD),14/02/2007,2007,09/07/2008,2008,17,1,12252,1,12
725,2007/0032(COD),23/02/2007,2007,09/07/2008,2008,16,1,5039,1,9
726,2007/0033(COD),12/03/2007,2007,23/04/2008,2008,13,1,4466,1,9
727,2007/0035(COD),24/01/2007,2007,13/11/2007,2007,10,1,1965,1,18
728,2007/0036(COD),09/03/2007,2007,11/03/2008,2008,12,1,1077,1,10
729,2007/0038(COD),13/03/2007,2007,20/02/2008,2008,11,1,476,1,14
730,2007/0051(COD),22/03/2007,2007,19/11/2008,2008,20,1,3408,1,15
731,2007/0054(COD),30/03/2007,2007,17/06/2008,2008,15,1,2683,1,9
732,2007/0064(COD),17/04/2007,2007,06/05/2009,2009,25,2,7370,0,10
733,2007/0066(COD),17/04/2007,2007,06/07/2009,2009,27,1,1338,0,18
734,2007/0081(COD),07/05/2007,2007,13/07/2009,2009,26,1,1186,0,18
735,2007/0084(COD),10/05/2007,2007,19/11/2008,2008,18,1,4507,1,15
736,2007/0094(COD),16/05/2007,2007,18/06/2009,2009,25,1,6596,1,19
737,2007/0097(COD),23/05/2007,2007,21/10/2009,2009,29,2,13913,0,13
738,2007/0098(COD),23/05/2007,2007,21/10/2009,2009,29,2,12518,0,13
739,2007/0099(COD),23/05/2007,2007,21/10/2009,2009,29,2,13999,0,13
740,2007/0102(COD),04/06/2007,2007,19/11/2008,2008,17,1,2939,1,10
741,2007/0107(COD),08/06/2007,2007,27/09/2007,2007,3,1,1853,0,18
742,2007/0112(COD),06/06/2007,2007,11/05/2011,2011,47,1,5330,1,19
743,2007/0113(COD),07/06/2007,2007,14/01/2009,2009,19,1,7035,1,12
744,2007/0116(COD),14/06/2007,2007,09/07/2008,2008,13,1,5944,1,11
745,2007/0117(COD),13/06/2007,2007,13/07/2009,2009,25,1,1224,0,18
746,2007/0121(COD),27/06/2007,2007,16/12/2008,2008,18,1,22804,1,10
747,2007/0128(COD),28/06/2007,2007,15/01/2008,2008,7,1,1123,0,10
748,2007/0130(COD),27/06/2007,2007,18/12/2007,2007,6,1,3820,0,20
749,2007/0141(COD),16/07/2007,2007,15/01/2008,2008,6,1,1067,1,11
750,2007/0143(COD),10/07/2007,2007,25/11/2009,2009,28,1,107682,1,8
751,2007/0145(COD),12/07/2007,2007,16/12/2008,2008,17,1,7760,1,17
752,2007/0152(COD),23/07/2007,2007,24/11/2010,2010,40,2,3255,0,9
753,2007/0156(COD),19/07/2007,2007,16/12/2008,2008,17,1,3730,1,8
754,2007/0163(COD),25/07/2007,2007,16/12/2008,2008,17,2,11284,1,9
755,2007/0164(COD),25/07/2007,2007,23/04/2009,2009,21,1,3336,0,18
756,2007/0166(COD),06/08/2007,2007,13/07/2009,2009,23,1,1113,0,12
757,2007/0168(COD),07/08/2007,2007,11/03/2008,2008,7,1,1689,0,12
758,2007/0174(COD),22/08/2007,2007,30/06/2008,2008,10,1,6041,1,11
759,2007/0184(COD),11/09/2007,2007,17/06/2008,2008,9,1,618,0,13
760,2007/0185(COD),11/09/2007,2007,17/06/2008,2008,9,1,6003,1,19
761,2007/0186(COD),11/09/2007,2007,17/06/2008,2008,9,1,6003,1,19
762,2007/0187(COD),10/09/2007,2007,11/03/2009,2009,18,2,2553,0,12
763,2007/0188(COD),12/09/2007,2007,09/07/2008,2008,10,1,7183,1,11
764,2007/0195(COD),19/09/2007,2007,13/07/2009,2009,22,2,18279,0,11
765,2007/0196(COD),19/09/2007,2007,13/07/2009,2009,22,2,20147,0,11
766,2007/0197(COD),19/09/2007,2007,13/07/2009,2009,22,2,15860,0,11
767,2007/0198(COD),19/09/2007,2007,13/07/2009,2009,22,2,14328,0,11
768,2007/0199(COD),19/09/2007,2007,13/07/2009,2009,22,2,14519,0,11
769,2007/0200(COD),02/10/2007,2007,16/12/2008,2008,14,1,5279,1,10
770,2007/0201(COD),03/10/2007,2007,14/01/2009,2009,15,1,6341,1,13
771,2007/0202(COD),08/10/2007,2007,23/04/2008,2008,6,1,1207,1,10
772,2007/0205(COD),11/10/2007,2007,13/07/2009,2009,21,1,1297,0,18
773,2007/0212(COD),16/10/2007,2007,16/12/2008,2008,14,1,4313,1,10
774,2007/0213(COD),17/10/2007,2007,16/12/2008,2008,14,1,2333,0,10
775,2007/0214(COD),10/10/2007,2007,14/01/2009,2009,15,1,4888,1,12
776,2007/0216(COD),18/10/2007,2007,28/05/2009,2009,19,1,2360,1,19
777,2007/0219(COD),16/10/2007,2007,19/11/2008,2008,13,1,9849,1,13
778,2007/0220(COD),16/10/2007,2007,11/03/2009,2009,17,1,7513,1,8
779,2007/0225(COD),25/10/2007,2007,30/11/2009,2009,25,1,3923,0,18
780,2007/0229(COD),23/10/2007,2007,13/12/2011,2011,50,2,8617,1,19
781,2007/0230(COD),26/10/2007,2007,23/04/2008,2008,6,1,3144,0,9
782,2007/0233(COD),31/10/2007,2007,02/04/2009,2009,17,2,6924,1,5
783,2007/0234(COD),06/11/2007,2007,22/10/2008,2008,11,1,2617,0,9
784,2007/0235(COD),31/10/2007,2007,23/04/2009,2009,18,1,4760,0,18
785,2007/0243(COD),08/11/2007,2007,14/01/2009,2009,14,1,5837,1,13
786,2007/0247(COD),13/11/2007,2007,25/11/2009,2009,24,3,21210,0,11
787,2007/0248(COD),13/11/2007,2007,25/11/2009,2009,24,2,13190,0,12
788,2007/0249(COD),13/11/2007,2007,25/11/2009,2009,24,2,19202,0,11
789,2007/0253(COD),23/11/2007,2007,22/10/2008,2008,11,1,2229,1,18
790,2007/0257(COD),23/11/2007,2007,23/04/2009,2009,17,1,7592,1,18
791,2007/0259(COD),29/11/2007,2007,06/05/2009,2009,17,1,4669,1,18
792,2007/0260(COD),23/11/2007,2007,11/03/2009,2009,16,1,1612,0,18
793,2007/0262(COD),23/11/2007,2007,22/10/2008,2008,11,1,2287,1,18
794,2007/0264(COD),23/11/2007,2007,11/03/2009,2009,16,1,1609,0,18
795,2007/0268(COD),23/11/2007,2007,11/03/2009,2009,16,1,1650,0,18
796,2007/0269(COD),06/12/2007,2007,23/04/2009,2009,16,1,1538,1,13
797,2007/0270(COD),05/12/2007,2007,13/07/2009,2009,19,1,1388,0,18
798,2007/0271(COD),06/12/2007,2007,11/03/2009,2009,15,1,2019,1,10
799,2007/0272(COD),06/12/2007,2007,23/04/2009,2009,16,1,1209,1,8
800,2007/0278(COD),12/12/2007,2007,21/10/2008,2008,10,1,5640,1,9
801,2007/0279(COD),05/12/2007,2007,06/05/2009,2009,17,1,7739,1,12
802,2007/0280(COD),05/12/2007,2007,14/01/2009,2009,13,1,21641,1,12
803,2007/0282(COD),19/12/2007,2007,22/10/2008,2008,10,1,607,1,18
804,2007/0284(COD),20/12/2007,2007,13/07/2009,2009,19,1,1509,0,18
805,2007/0286(COD),21/12/2007,2007,24/11/2010,2010,35,2,39895,0,10
806,2007/0288(COD),21/12/2007,2007,06/05/2009,2009,17,1,2265,1,18
807,2007/0291(COD),01/06/2007,2007,24/09/2008,2008,15,1,1473,1,11
808,2007/0292(COD),21/12/2007,2007,18/06/2009,2009,18,1,4067,1,18
809,2007/0293(COD),19/12/2007,2007,11/03/2009,2009,15,1,1775,1,18
810,2007/0295(COD),21/12/2007,2007,18/06/2009,2009,18,1,6631,1,10
811,2007/0297(COD),19/12/2007,2007,23/04/2009,2009,16,1,8783,1,10
812,2008/0001(COD),11/01/2008,2008,23/04/2009,2009,15,1,1492,1,18
813,2008/0003(COD),16/01/2008,2008,06/05/2009,2009,16,1,4180,1,18
814,2008/0005(COD),11/01/2008,2008,14/01/2009,2009,12,1,4945,0,18
815,2008/0008(COD),29/01/2008,2008,13/07/2009,2009,18,1,1972,0,18
816,2008/0009(COD),29/01/2008,2008,05/04/2011,2011,38,1,5521,0,18
817,2008/0013(COD),23/01/2008,2008,23/04/2009,2009,15,1,13920,1,10
818,2008/0014(COD),23/01/2008,2008,23/04/2009,2009,15,1,5316,1,10
819,2008/0015(COD),23/01/2008,2008,23/04/2009,2009,15,1,11219,1,10
820,2008/0016(COD),23/01/2008,2008,23/04/2009,2009,15,1,16244,1,11
821,2008/0018(COD),25/01/2008,2008,18/06/2009,2009,17,1,14346,1,12
822,2008/0019(COD),28/01/2008,2008,23/04/2009,2009,15,1,3368,0,18
823,2008/0021(COD),30/01/2008,2008,16/09/2009,2009,20,1,1717,0,18
824,2008/0022(COD),31/01/2008,2008,16/09/2009,2009,20,1,4503,0,18
825,2008/0023(COD),07/02/2008,2008,16/12/2008,2008,10,1,1820,1,17
826,2008/0024(COD),07/02/2008,2008,16/12/2008,2008,10,1,1756,1,17
827,2008/0025(COD),08/02/2008,2008,16/12/2008,2008,10,1,1429,1,17
828,2008/0026(COD),07/02/2008,2008,11/03/2009,2009,13,1,4793,1,8
829,2008/0028(COD),30/01/2008,2008,25/10/2011,2011,45,2,15885,0,10
830,2008/0029(COD),07/02/2008,2008,16/12/2008,2008,10,1,1753,1,17
831,2008/0030(COD),06/02/2008,2008,11/03/2009,2009,13,1,1361,1,10
832,2008/0032(COD),11/02/2008,2008,18/06/2009,2009,16,1,1876,1,18
833,2008/0033(COD),14/02/2008,2008,06/05/2009,2009,15,1,2545,1,10
834,2008/0035(COD),05/02/2008,2008,30/11/2009,2009,21,1,17024,1,10
835,2008/0038(COD),26/02/2008,2008,19/11/2008,2008,9,1,1107,1,10
836,2008/0041(COD),22/02/2008,2008,14/01/2009,2009,11,1,4440,1,19
837,2008/0042(COD),26/02/2008,2008,23/04/2009,2009,14,1,3108,1,10
838,2008/0044(COD),29/02/2008,2008,06/05/2009,2009,14,1,2802,1,18
839,2008/0045(COD),04/03/2008,2008,18/06/2009,2009,15,1,4363,1,10
840,2008/0047(COD),27/02/2008,2008,16/12/2008,2008,10,1,6015,1,19
841,2008/0049(COD),27/02/2008,2008,16/09/2009,2009,19,1,12108,0,18
842,2008/0050(COD),03/03/2008,2008,13/07/2009,2009,16,1,10673,1,15
843,2008/0055(COD),11/03/2008,2008,21/10/2009,2009,19,1,3262,1,13
844,2008/0060(COD),27/03/2008,2008,23/04/2009,2009,13,1,3035,1,18
845,2008/0062(COD),19/03/2008,2008,25/10/2011,2011,43,2,6252,0,13
846,2008/0064(COD),28/03/2008,2008,16/12/2008,2008,9,1,3838,1,17
847,2008/0069(COD),09/04/2008,2008,18/06/2009,2009,14,1,5034,1,9
848,2008/0070(COD),09/04/2008,2008,18/06/2009,2009,14,1,5243,1,9
849,2008/0076(COD),17/04/2008,2008,16/09/2009,2009,17,1,5498,0,18
850,2008/0079(COD),21/04/2008,2008,18/06/2009,2009,14,1,3024,1,15
851,2008/0081(COD),16/04/2008,2008,19/11/2008,2008,7,1,1650,1,10
852,2008/0082(COD),23/04/2008,2008,06/05/2009,2009,12,1,6357,1,8
853,2008/0084(COD),17/04/2008,2008,18/06/2009,2009,14,1,3465,1,18
854,2008/0098(COD),23/05/2008,2008,09/03/2011,2011,34,2,15993,0,12
855,2008/0099(COD),26/05/2008,2008,25/11/2009,2009,18,1,1155,0,18
856,2008/0100(COD),23/05/2008,2008,13/07/2009,2009,14,1,9323,1,12
857,2008/0109(COD),09/06/2008,2008,16/09/2009,2009,15,1,1843,0,18
858,2008/0110(COD),10/06/2008,2008,21/10/2009,2009,16,1,21522,1,10
859,2008/0122(COD),23/06/2008,2008,18/06/2009,2009,12,1,6022,1,19
860,2008/0123(COD),13/06/2008,2008,23/04/2009,2009,10,1,3794,1,18
861,2008/0126(COD),17/06/2008,2008,06/04/2009,2009,10,1,5022,0,18
862,2008/0127(COD),25/06/2008,2008,21/10/2009,2009,16,1,6967,1,13
863,2008/0128(COD),25/06/2008,2008,21/10/2009,2009,16,1,8760,1,13
864,2008/0141(COD),02/07/2008,2008,06/05/2009,2009,10,1,12105,1,9
865,2008/0142(COD),02/07/2008,2008,09/03/2011,2011,32,2,19880,0,10
866,2008/0147(COD),08/07/2008,2008,27/09/2011,2011,38,2,10800,0,13
867,2008/0149(COD),18/07/2008,2008,16/12/2008,2008,5,1,4873,1,4
868,2008/0151(COD),16/07/2008,2008,21/10/2009,2009,15,1,12408,1,10
869,2008/0152(COD),16/07/2008,2008,25/11/2009,2009,16,1,5515,1,10
870,2008/0153(COD),16/07/2008,2008,13/01/2009,2009,6,1,40504,1,8
871,2008/0154(COD),16/07/2008,2008,25/11/2009,2009,16,1,14406,1,10
872,2008/0157(COD),16/07/2008,2008,27/09/2011,2011,38,1,9273,0,24
873,2008/0160(COD),23/07/2008,2008,05/05/2009,2009,9,1,8608,1,12
874,2008/0165(COD),01/08/2008,2008,25/03/2009,2009,7,1,2592,1,10
875,2008/0172(COD),05/09/2008,2008,21/10/2009,2009,13,1,5125,1,12
876,2008/0182(COD),24/09/2008,2008,16/09/2009,2009,12,1,6450,1,18
877,2008/0183(COD),17/09/2008,2008,15/02/2012,2012,41,2,3420,0,15
878,2008/0185(COD),29/09/2008,2008,16/09/2009,2009,12,1,6700,1,11
879,2008/0187(COD),23/09/2008,2008,18/06/2009,2009,9,1,10478,1,11
880,2008/0188(COD),07/10/2008,2008,16/09/2009,2009,11,1,3262,1,10
881,2008/0190(COD),09/10/2008,2008,16/09/2009,2009,11,1,7722,1,8
882,2008/0191(COD),01/10/2008,2008,06/05/2009,2009,7,1,15720,1,8
883,2008/0192(COD),03/10/2008,2008,07/07/2010,2010,21,2,7131,0,21
884,2008/0194(COD),13/10/2008,2008,16/09/2009,2009,11,1,5554,1,8
885,2008/0196(COD),08/10/2008,2008,25/10/2011,2011,36,1,15008,1,12
886,2008/0198(COD),17/10/2008,2008,20/10/2010,2010,24,2,7528,0,10
887,2008/0199(COD),15/10/2008,2008,11/03/2009,2009,5,1,3213,1,8
888,2008/0201(COD),30/10/2008,2008,02/04/2009,2009,5,1,3866,1,11
889,2008/0211(COD),05/11/2008,2008,22/09/2010,2010,22,2,14837,1,15
890,2008/0213(COD),17/11/2008,2008,30/11/2009,2009,12,1,2121,0,18
891,2008/0214(COD),19/11/2008,2008,06/05/2009,2009,6,1,4662,1,11
892,2008/0217(COD),12/11/2008,2008,13/05/2009,2009,6,1,11690,1,8
893,2008/0221(COD),13/11/2008,2008,25/11/2009,2009,12,2,5960,1,11
894,2008/0222(COD),13/11/2008,2008,19/05/2010,2010,18,2,7865,1,11
895,2008/0223(COD),13/11/2008,2008,19/05/2010,2010,18,2,12094,1,11
896,2008/0227(COD),03/12/2008,2008,09/03/2011,2011,27,1,2340,1,12
897,2008/0229(COD),04/12/2008,2008,21/10/2009,2009,10,1,3188,1,10
898,2008/0230(COD),03/12/2008,2008,16/09/2009,2009,9,1,6393,1,11
899,2008/0232(COD),26/11/2008,2008,06/05/2009,2009,5,1,1492,1,9
900,2008/0237(COD),04/12/2008,2008,16/02/2011,2011,26,3,10343,0,13
901,2008/0238(COD),08/12/2008,2008,07/07/2010,2010,19,1,7660,1,10
902,2008/0239(COD),10/12/2008,2008,16/09/2009,2009,9,1,3214,1,13
903,2008/0240(COD),03/12/2008,2008,08/06/2011,2011,30,1,9388,1,10
904,2008/0241(COD),03/12/2008,2008,04/07/2012,2012,43,2,13647,0,10
905,2008/0242(COD),03/12/2008,2008,26/06/2013,2013,54,1,15611,1,19
906,2008/0243(COD),03/12/2008,2008,26/06/2013,2013,54,2,21176,1,19
907,2008/0244(COD),03/12/2008,2008,26/06/2013,2013,54,2,11229,1,19
908,2008/0245(COD),03/12/2008,2008,06/05/2009,2009,5,1,1689,1,14
909,2008/0246(COD),04/12/2008,2008,24/11/2010,2010,23,2,10167,0,13
910,2008/0247(COD),11/12/2008,2008,22/09/2010,2010,21,2,8001,0,13
911,2008/0249(COD),16/12/2008,2008,16/11/2011,2011,35,1,1539,1,5
912,2008/0257(COD),10/12/2008,2008,15/12/2010,2010,24,1,10936,1,10
913,2008/0258(COD),09/01/2009,2009,21/10/2009,2009,9,1,6468,1,17
914,2008/0259(COD),23/12/2008,2008,13/07/2009,2009,7,1,5703,1,18
915,2008/0260(COD),10/12/2008,2008,15/12/2010,2010,24,1,16386,1,10
916,2008/0261(COD),10/12/2008,2008,08/06/2011,2011,30,1,5542,1,10
917,2008/0263(COD),16/12/2008,2008,07/07/2010,2010,19,2,6108,1,13
918,2008/0267(COD),16/12/2008,2008,18/06/2009,2009,6,1,3920,1,9
919,2008/0268(COD),14/01/2009,2009,13/07/2009,2009,6,1,6454,1,6
920,2009/0001(COD),23/01/2009,2009,16/09/2009,2009,8,1,6609,1,8
921,2009/0005(COD),21/01/2009,2009,20/10/2010,2010,21,1,4685,1,13
922,2009/0006(COD),30/01/2009,2009,27/09/2011,2011,32,2,6239,0,12
923,2009/0010(COD),28/01/2009,2009,13/07/2009,2009,6,1,6729,1,11
924,2009/0026(COD),18/02/2009,2009,19/05/2010,2010,15,2,1767,1,19
925,2009/0027(COD),18/02/2009,2009,19/05/2010,2010,15,2,11610,1,19
926,2009/0028(COD),27/02/2009,2009,25/03/2010,2010,13,1,4088,1,19
927,2009/0035(COD),26/02/2009,2009,14/03/2012,2012,37,2,3149,0,24
928,2009/0037(COD),28/04/2009,2009,30/11/2009,2009,7,1,5909,0,18
929,2009/0042(COD),10/03/2009,2009,18/06/2009,2009,3,1,1945,1,13
930,2009/0043(COD),20/03/2009,2009,30/11/2009,2009,8,1,3613,0,18
931,2009/0047(COD),24/03/2009,2009,22/09/2010,2010,18,1,4257,1,11
932,2009/0051(COD),02/04/2009,2009,15/12/2010,2010,20,1,9902,1,16
933,2009/0054(COD),08/04/2009,2009,16/02/2011,2011,22,1,8849,1,12
934,2009/0056(COD),21/04/2009,2009,10/03/2010,2010,11,1,16436,0,18
935,2009/0059(COD),21/04/2009,2009,13/12/2011,2011,32,3,1550,0,5
936,2009/0060A(COD),21/04/2009,2009,13/12/2011,2011,32,3,1171,0,4
937,2009/0060B(COD),21/04/2009,2009,13/12/2011,2011,32,3,1171,0,1
938,2009/0064(COD),30/04/2009,2009,08/06/2011,2011,25,1,19730,1,8
939,2009/0070(COD),20/05/2009,2009,22/09/2010,2010,16,1,6619,1,11
940,2009/0076(COD),12/06/2009,2009,22/05/2012,2012,35,2,33440,0,10
941,2009/0077(COD),16/06/2009,2009,19/05/2010,2010,11,1,3069,1,15
942,2009/0089(COD),24/06/2009,2009,25/10/2011,2011,28,1,12630,1,19
943,2009/0091(COD),02/07/2009,2009,25/03/2010,2010,8,1,1427,0,9
944,2009/0096(COD),02/07/2009,2009,25/03/2010,2010,8,1,2900,0,9
945,2009/0098(COD),08/07/2009,2009,05/04/2011,2011,21,1,4675,1,19
946,2009/0099(COD),13/07/2009,2009,24/11/2010,2010,16,1,7286,1,8
947,2009/0105(COD),17/07/2009,2009,19/05/2010,2010,10,1,2482,1,14
948,2009/0107(COD),22/07/2009,2009,16/06/2010,2010,11,1,6966,1,14
949,2009/0108(COD),16/07/2009,2009,20/10/2010,2010,15,1,7178,1,11
950,2009/0110(COD),27/07/2009,2009,07/07/2010,2010,11,1,47,1,13
951,2009/0116(COD),03/08/2009,2009,07/07/2010,2010,11,1,3233,1,16
952,2009/0127(COD),02/09/2009,2009,29/03/2012,2012,30,2,2999,1,19
953,2009/0128(COD),11/09/2009,2009,15/12/2010,2010,15,1,3592,1,8
954,2009/0129(COD),16/09/2009,2009,13/12/2011,2011,27,2,4899,1,16
955,2009/0131(COD),18/09/2009,2009,16/06/2010,2010,9,1,10474,1,13
956,2009/0132(COD),23/09/2009,2009,24/11/2010,2010,14,1,8196,1,8
957,2009/0138(COD),02/10/2009,2009,07/07/2010,2010,9,1,2154,1,15
958,2009/0140(COD),23/09/2009,2009,24/11/2010,2010,14,1,7222,1,8
959,2009/0142(COD),23/09/2009,2009,24/11/2010,2010,14,1,20472,1,8
960,2009/0143(COD),23/09/2009,2009,24/11/2010,2010,14,1,20830,1,8
961,2009/0144(COD),23/09/2009,2009,24/11/2010,2010,14,1,21015,1,8
962,2009/0146(COD),07/10/2009,2009,19/05/2010,2010,7,1,1253,0,10
963,2009/0153(COD),15/10/2009,2009,09/03/2011,2011,17,1,2875,1,16
964,2009/0157(COD),14/10/2009,2009,04/07/2012,2012,33,1,11495,1,24
965,2009/0161(COD),26/10/2009,2009,24/11/2010,2010,13,1,15329,1,8
966,2009/0162(COD),29/10/2009,2009,07/07/2010,2010,8,1,3206,1,5
967,2009/0163(COD),29/10/2009,2009,16/06/2010,2010,8,1,983,0,1
968,2009/0164(COD),21/10/2009,2009,13/12/2011,2011,26,1,14657,1,19
969,2009/0165(COD),21/10/2009,2009,26/06/2013,2013,44,2,23306,1,19
970,2009/0169(COD),29/10/2009,2009,22/09/2010,2010,11,1,7602,1,11
971,2009/0170(COD),29/10/2009,2009,20/10/2010,2010,12,1,8187,1,13
972,2009/0173(COD),30/09/2009,2009,31/05/2011,2011,20,1,9915,1,10
973,2010/0004(COD),05/02/2010,2010,15/12/2010,2010,10,1,3080,1,14
974,2010/0032(COD),09/02/2010,2010,11/05/2011,2011,15,1,2811,1,5
975,2010/0036(COD),22/02/2010,2010,13/12/2011,2011,22,1,2313,1,5
976,2010/0039(COD),24/02/2010,2010,25/10/2011,2011,20,1,11176,1,19
977,2010/0041(COD),08/03/2010,2010,24/11/2010,2010,8,1,2848,1,13
978,2010/0044(COD),09/03/2010,2010,16/11/2011,2011,20,2,6640,1,17
979,2010/0051(COD),09/03/2010,2010,16/02/2011,2011,11,1,4312,1,18
980,2010/0054(COD),24/02/2010,2010,24/11/2010,2010,9,1,3569,1,6
981,2010/0056(COD),17/03/2010,2010,09/03/2011,2011,12,1,1391,0,5
982,2010/0059(COD),17/03/2010,2010,13/12/2011,2011,21,3,1662,0,4
983,2010/0063(COD),29/03/2010,2010,06/07/2011,2011,15,1,5723,1,13
984,2010/0064(COD),29/03/2010,2010,13/12/2011,2011,21,1,9371,1,19
985,2010/0065(COD),29/03/2010,2010,05/04/2011,2011,12,1,8708,1,19
986,2010/0073(COD),09/04/2010,2010,06/07/2011,2011,15,1,5407,1,10
987,2010/0074(COD),31/03/2010,2010,16/02/2011,2011,11,1,7028,1,20
988,2010/0080(COD),29/04/2010,2010,06/07/2011,2011,14,1,4098,1,16
989,2010/0101(COD),21/04/2010,2010,25/10/2011,2011,18,2,7765,1,6
990,2010/0110(COD),05/05/2010,2010,05/04/2011,2011,11,1,5401,0,18
991,2010/0133(COD),21/05/2010,2010,13/12/2011,2011,19,1,4905,1,15
992,2010/0137(COD),27/05/2010,2010,24/11/2010,2010,6,1,2657,0,19
993,2010/0140(COD),14/04/2010,2010,11/05/2011,2011,13,1,1905,0,5
994,2010/0147(COD),31/05/2010,2010,14/03/2012,2012,21,1,7160,1,5
995,2010/0150(COD),31/05/2010,2010,15/12/2010,2010,7,1,2969,1,11
996,2010/0160(COD),02/06/2010,2010,11/05/2011,2011,11,1,13148,1,8
997,2010/0162(COD),09/06/2010,2010,20/10/2010,2010,4,1,2947,1,5
998,2010/0171(COD),11/03/2010,2010,24/11/2010,2010,8,1,5568,1,18
999,2010/0175(COD),22/06/2010,2010,15/12/2010,2010,6,1,791,1,16
1000,2010/0183(COD),24/06/2010,2010,15/12/2010,2010,6,1,1554,1,15
1001,2010/0192(COD),05/07/2010,2010,15/12/2010,2010,5,1,2549,1,19
1002,2010/0195(COD),07/07/2010,2010,16/11/2011,2011,16,1,2312,1,10
1003,2010/0197(COD),07/07/2010,2010,12/12/2012,2012,29,2,5719,1,5
1004,2010/0204(COD),14/07/2010,2010,16/11/2011,2011,16,1,10566,1,8
1005,2010/0207(COD),12/07/2010,2010,16/04/2014,2014,45,2,13504,1,8
1006,2010/0208(COD),13/07/2010,2010,11/03/2015,2015,56,2,4865,0,10
1007,2010/0209(COD),13/07/2010,2010,15/05/2014,2014,46,1,11350,1,19
1008,2010/0210(COD),13/07/2010,2010,26/02/2014,2014,43,1,8726,1,19
1009,2010/0212(COD),23/07/2010,2010,05/02/2013,2013,30,1,20940,1,12
1010,2010/0214(COD),27/07/2010,2010,15/12/2010,2010,5,1,1180,0,5
1011,2010/0215(COD),20/07/2010,2010,22/05/2012,2012,22,1,7705,1,19
1012,2010/0232(COD),16/08/2010,2010,16/11/2011,2011,15,1,9600,1,8
1013,2010/0242(COD),06/09/2010,2010,14/09/2011,2011,12,1,3839,1,9
1014,2010/0246(COD),20/09/2010,2010,15/01/2013,2013,28,1,6611,1,19
1015,2010/0250(COD),15/09/2010,2010,04/07/2012,2012,22,1,24312,1,8
1016,2010/0251(COD),15/09/2010,2010,14/03/2012,2012,18,1,16733,1,8
1017,2010/0252(COD),20/09/2010,2010,14/03/2012,2012,18,2,7121,1,11
1018,2010/0253(COD),17/09/2010,2010,21/11/2012,2012,26,2,24558,0,13
1019,2010/0254(COD),21/09/2010,2010,19/04/2012,2012,19,1,1811,1,10
1020,2010/0255(COD),23/09/2010,2010,08/06/2011,2011,9,1,1004,1,16
1021,2010/0256(COD),24/09/2010,2010,13/03/2013,2013,30,1,9912,1,15
1022,2010/0257(COD),29/09/2010,2010,30/11/2011,2011,14,1,5342,1,13
1023,2010/0258(COD),24/09/2010,2010,18/01/2012,2012,16,,2707,1,13
1024,2010/0259(COD),24/09/2010,2010,13/12/2011,2011,15,1,1725,0,18
1025,2010/0262(COD),27/09/2010,2010,29/03/2012,2012,18,2,2485,1,5
1026,2010/0271(COD),04/10/2010,2010,15/01/2013,2013,27,1,27933,1,12
1027,2010/0272(COD),06/10/2010,2010,14/09/2011,2011,11,1,1818,0,5
1028,2010/0273(COD),30/09/2010,2010,12/08/2013,2013,34,1,6424,1,19
1028,2010/0274(COD),30/09/2010,2010,08/06/2011,2011,8,1,1250,0,11
1029,2010/0275(COD),30/09/2010,2010,21/05/2013,2013,32,1,12311,1,11
1030,2010/0278(COD),07/10/2010,2010,16/11/2011,2011,13,1,5340,1,8
1031,2010/0279(COD),07/10/2010,2010,16/11/2011,2011,13,1,4527,1,8
1032,2010/0280(COD),07/10/2010,2010,16/11/2011,2011,13,1,6745,1,8
1033,2010/0281(COD),07/10/2010,2010,16/11/2011,2011,13,1,5506,1,8
1034,2010/0282(COD),08/10/2010,2010,25/10/2011,2011,12,1,6640,1,11
1035,2010/0289(COD),07/10/2010,2010,25/10/2012,2012,24,1,2734,1,5
1036,2010/0298(COD),04/11/2010,2010,14/03/2012,2012,16,1,3709,1,10
1038,2010/0301(COD),27/10/2010,2010,14/09/2011,2011,11,1,1885,1,10
1039,2010/0303(COD),28/10/2010,2010,15/01/2013,2013,27,2,7939,0,13
1040,2010/0318(COD),10/11/2010,2010,08/06/2011,2011,7,1,1478,0,5
1041,2010/0325(COD),12/11/2010,2010,25/10/2011,2011,11,1,4224,1,19
1042,2010/0326(COD),26/01/2011,2011,14/03/2012,2012,14,2,2451,0,15
1043,2010/0353(COD),10/12/2010,2010,21/11/2012,2012,23,1,16396,1,15
1044,2010/0362(COD),09/12/2010,2010,14/03/2012,2012,15,1,6493,1,15
1045,2010/0363(COD),08/12/2010,2010,25/10/2011,2011,10,1,7836,1,11
1046,2010/0367(COD),16/12/2010,2010,16/11/2011,2011,11,1,967,1,5
1047,2010/0368(COD),20/12/2010,2010,16/11/2011,2011,11,1,1917,1,15
1048,2010/0369(COD),21/12/2010,2010,16/11/2011,2011,11,1,1712,1,5
1049,2010/0370(COD),17/12/2010,2010,13/03/2013,2013,27,1,6278,1,15
1050,2010/0372(COD),22/12/2010,2010,16/11/2011,2011,11,1,1236,1,15
1051,2010/0373(COD),16/12/2010,2010,14/03/2012,2012,15,1,9434,1,8
1052,2010/0374(COD),20/12/2010,2010,21/05/2013,2013,29,1,4302,1,8
1053,2010/0377(COD),21/12/2010,2010,04/07/2012,2012,18,1,15048,1,10
1054,2010/0380(COD),20/12/2010,2010,22/05/2012,2012,17,1,6041,1,9
1055,2010/0383(COD),14/12/2010,2010,12/12/2012,2012,24,1,23716,1,24
1056,2010/0390(COD),13/01/2011,2011,12/08/2013,2013,31,3,4677,0,5
1057,2010/0395(COD),22/12/2010,2010,25/10/2012,2012,22,1,39908,1,6
1058,2010/0801(COD),22/01/2010,2010,20/10/2010,2010,9,1,2543,1,19
1059,2010/0802(COD),22/01/2010,2010,13/12/2011,2011,23,2,3549,1,21
1060,2010/0817(COD),21/05/2010,2010,03/04/2014,2014,46,1,8557,1,19
1061,2011/0001(COD),03/01/2011,2011,14/09/2011,2011,8,1,2569,1,12
1062,2011/0002(COD),13/01/2011,2011,16/11/2011,2011,10,1,2609,1,10
1063,2011/0006(COD),19/01/2011,2011,16/04/2014,2014,39,1,19028,1,8
1064,2011/0011(COD),01/02/2011,2011,25/10/2012,2012,20,1,11981,0,24
1065,2011/0014(COD),02/02/2011,2011,16/11/2011,2011,9,1,2602,1,8
1066,2011/0038(COD),24/02/2011,2011,13/06/2012,2012,16,1,6151,1,24
1067,2011/0039(COD),07/03/2011,2011,15/01/2014,2014,34,2,5036,1,5
1068,2011/0051(COD),10/03/2011,2011,26/06/2013,2013,27,1,7122,1,19
1069,2011/0062(COD),31/03/2011,2011,04/02/2014,2014,34,1,18653,0,8
1070,2011/0080(COD),12/04/2011,2011,13/12/2011,2011,8,1,5102,0,18
1071,2011/0093(COD),13/04/2011,2011,17/12/2012,2012,20,1,9818,1,24
1072,2011/0105(COD),05/05/2011,2011,04/07/2012,2012,14,1,14599,1,10
1073,2011/0117(COD),10/05/2011,2011,25/10/2012,2012,17,1,10747,1,5
1074,2011/0129(COD),18/05/2011,2011,25/10/2012,2012,17,1,10798,1,19
1075,2011/0130(COD),18/05/2011,2011,12/06/2013,2013,25,1,6833,1,24
1076,2011/0131(COD),25/05/2011,2011,04/07/2012,2012,13,1,1476,1,8
1077,2011/0135(COD),24/05/2011,2011,19/04/2012,2012,11,1,5588,1,24
1078,2011/0136(COD),24/05/2011,2011,25/10/2012,2012,17,1,4408,1,24
1079,2011/0137(COD),24/05/2011,2011,12/06/2013,2013,25,2,11361,0,12
1080,2011/0138(COD),24/05/2011,2011,11/12/2013,2013,31,1,6932,1,19
1081,2011/0144(COD),08/06/2011,2011,13/06/2012,2012,12,1,4576,1,16
1082,2011/0150(COD),01/06/2011,2011,25/10/2012,2012,16,1,10737,1,12
1083,2011/0152(COD),14/06/2011,2011,26/06/2013,2013,24,1,9181,1,9
1084,2011/0153(COD),15/06/2011,2011,15/01/2014,2014,31,2,4237,1,5
1085,2011/0154(COD),08/06/2011,2011,22/10/2013,2013,28,1,8764,1,19
1086,2011/0156(COD),20/06/2011,2011,12/06/2013,2013,24,2,10232,0,10
1087,2011/0169(COD),24/06/2011,2011,22/05/2012,2012,11,1,2259,0,5
1088,2011/0172(COD),22/06/2011,2011,25/10/2012,2012,16,1,14058,1,11
1089,2011/0187(COD),06/07/2011,2011,13/06/2012,2012,11,1,17109,1,11
1090,2011/0190(COD),15/07/2011,2011,21/11/2012,2012,16,1,7525,1,10
1091,2011/0193(COD),20/07/2011,2011,15/02/2012,2012,7,1,1531,0,1
1092,2011/0194(COD),13/07/2011,2011,11/12/2013,2013,29,2,8451,1,16
1093,2011/0195(COD),13/07/2011,2011,11/12/2013,2013,29,2,15363,1,16
1094,2011/0196(COD),19/07/2011,2011,04/02/2014,2014,31,2,11922,1,13
1095,2011/0197(COD),26/07/2011,2011,20/11/2013,2013,28,1,19204,1,12
1096,2011/0199(COD),27/07/2011,2011,13/12/2011,2011,5,1,2131,0,19
1097,2011/0202(COD),20/07/2011,2011,26/06/2013,2013,23,1,176228,1,8
1098,2011/0203(COD),20/07/2011,2011,26/06/2013,2013,23,1,50733,1,8
1099,2011/0204(COD),25/07/2011,2011,15/05/2014,2014,34,1,13727,1,24
1100,2011/0209(COD),01/08/2011,2011,19/12/2011,2011,4,1,2862,1,15
1101,2011/0210(COD),01/08/2011,2011,13/12/2011,2011,4,1,4425,1,14
1102,2011/0211(COD),01/08/2011,2011,13/12/2011,2011,4,1,3181,1,14
1103,2011/0212(COD),01/08/2011,2011,19/04/2012,2012,8,1,3508,1,16
1104,2011/0217(COD),11/08/2011,2011,21/11/2012,2012,15,1,6360,1,19
1105,2011/0223(COD),30/08/2011,2011,15/02/2012,2012,6,1,2052,1,19
1106,2011/0226(COD),29/08/2011,2011,25/10/2012,2012,14,1,8112,1,12
1107,2011/0228(COD),30/08/2011,2011,15/05/2014,2014,33,1,828,1,10
1108,2011/0229(COD),30/08/2011,2011,15/05/2014,2014,33,1,6313,1,10
1109,2011/0231(COD),31/08/2011,2011,26/02/2014,2014,30,1,8387,1,10
1110,2011/0238(COD),07/09/2011,2011,25/10/2012,2012,13,1,4932,1,11
1111,2011/0239(COD),14/09/2011,2011,21/11/2012,2012,14,1,8824,1,13
1112,2011/0242(COD),16/09/2011,2011,22/10/2013,2013,25,1,4417,1,19
1113,2011/0243(COD),23/09/2011,2011,13/06/2012,2012,9,1,4185,1,13
1114,2011/0260(COD),30/09/2011,2011,21/05/2013,2013,20,2,1766,0,5
1115,2011/0262(COD),03/10/2011,2011,15/01/2013,2013,15,1,4566,1,5
1116,2011/0263(COD),03/10/2011,2011,15/01/2013,2013,15,1,4700,1,5
1117,2011/0268(COD),06/10/2011,2011,17/12/2013,2013,26,1,6750,1,9
1118,2011/0269(COD),06/10/2011,2011,17/12/2013,2013,26,1,11007,1,9
1119,2011/0270(COD),06/10/2011,2011,11/12/2013,2013,26,1,7911,1,9
1120,2011/0272(COD),06/10/2011,2011,17/12/2013,2013,26,1,6908,0,14
1121,2011/0273(COD),06/10/2011,2011,17/12/2013,2013,26,1,11385,1,14
1122,2011/0274(COD),06/10/2011,2011,17/12/2013,2013,26,1,2815,1,14
1123,2011/0275(COD),06/10/2011,2011,17/12/2013,2013,26,1,5624,1,14
1124,2011/0276(COD),06/10/2011,2011,17/12/2013,2013,26,1,44763,1,14
1125,2011/0280(COD),12/10/2011,2011,17/12/2013,2013,26,1,21939,1,15
1126,2011/0281(COD),12/10/2011,2011,17/12/2013,2013,26,1,45391,1,15
1127,2011/0282(COD),12/10/2011,2011,17/12/2013,2013,26,1,32085,1,15
1128,2011/0283(COD),12/10/2011,2011,22/05/2012,2012,7,1,3547,1,14
1129,2011/0285(COD),12/10/2011,2011,25/10/2012,2012,12,1,3429,1,15
1130,2011/0286(COD),12/10/2011,2011,11/07/2012,2012,9,1,4172,1,15
1131,2011/0288(COD),12/10/2011,2011,17/12/2013,2013,26,1,32924,1,15
1132,2011/0294(COD),19/10/2011,2011,11/12/2013,2013,26,1,14530,1,13
1133,2011/0295(COD),20/10/2011,2011,16/04/2014,2014,30,1,21194,1,8
1134,2011/0296(COD),20/10/2011,2011,15/05/2014,2014,31,1,25078,1,8
1135,2011/0297(COD),20/10/2011,2011,16/04/2014,2014,30,1,4580,1,8
1136,2011/0298(COD),20/10/2011,2011,15/05/2014,2014,31,1,65152,1,8
1137,2011/0299(COD),19/10/2011,2011,11/03/2014,2014,29,1,5405,1,11
1138,2011/0300(COD),19/10/2011,2011,17/04/2013,2013,18,1,12930,1,11
1139,2011/0301(COD),19/10/2011,2011,11/07/2012,2012,9,1,5280,1,6
1140,2011/0302(COD),19/10/2011,2011,11/12/2013,2013,26,1,14752,1,13
1141,2011/0307(COD),25/10/2011,2011,22/10/2013,2013,24,1,9029,1,24
1142,2011/0308(COD),25/10/2011,2011,26/06/2013,2013,20,1,25552,1,24
1143,2011/0309(COD),27/10/2011,2011,12/06/2013,2013,20,1,14995,1,11
1144,2011/0310(COD),07/11/2011,2011,16/04/2014,2014,29,2,2389,1,5
1145,2011/0315(COD),09/11/2011,2011,13/06/2012,2012,7,1,575,0,5
1146,2011/0339(COD),09/11/2011,2011,11/03/2014,2014,28,1,9569,1,10
1147,2011/0340(COD),09/11/2011,2011,26/02/2014,2014,27,1,6903,1,12
1148,2011/0341A(COD),09/11/2011,2011,11/12/2013,2013,25,1,8489,1,12
1149,2011/0341B(COD),09/11/2011,2011,11/12/2013,2013,25,1,8489,1,8
1150,2011/0344(COD),15/11/2011,2011,17/12/2013,2013,25,1,6067,1,19
1151,2011/0349(COD),21/11/2011,2011,26/02/2014,2014,27,1,17901,1,12
1152,2011/0350(COD),21/11/2011,2011,26/02/2014,2014,27,1,17647,1,12
1153,2011/0351(COD),21/11/2011,2011,26/02/2014,2014,27,1,15925,1,12
1154,2011/0352(COD),21/11/2011,2011,26/02/2014,2014,27,1,15559,1,12
1155,2011/0353(COD),21/11/2011,2011,26/02/2014,2014,27,1,20700,1,12
1156,2011/0354(COD),21/11/2011,2011,26/02/2014,2014,27,1,19895,1,12
1157,2011/0356(COD),21/11/2011,2011,26/02/2014,2014,27,1,18000,1,12
1158,2011/0357(COD),21/11/2011,2011,26/02/2014,2014,27,1,10954,1,12
1159,2011/0358(COD),21/11/2011,2011,26/02/2014,2014,27,1,18496,1,12
1160,2011/0359(COD),30/11/2011,2011,16/04/2014,2014,29,1,32340,1,24
1161,2011/0360(COD),15/11/2011,2011,21/05/2013,2013,18,1,3055,1,8
1162,2011/0361(COD),15/11/2011,2011,21/05/2013,2013,18,1,15591,1,8
1163,2011/0364(COD),21/11/2011,2011,12/06/2013,2013,19,1,1497,0,16
1164,2011/0365(COD),15/11/2011,2011,16/04/2014,2014,29,1,12119,0,19
1165,2011/0366(COD),15/11/2011,2011,16/04/2014,2014,29,1,12894,1,19
1166,2011/0367(COD),15/11/2011,2011,16/04/2014,2014,29,1,17789,1,19
1167,2011/0368(COD),15/11/2011,2011,16/04/2014,2014,29,1,8522,1,19
1168,2011/0369(COD),15/11/2011,2011,17/12/2013,2013,25,1,5679,1,19
1169,2011/0370(COD),23/11/2011,2011,11/12/2013,2013,25,1,8292,1,17
1170,2011/0371(COD),23/11/2011,2011,11/12/2013,2013,25,1,12466,1,17
1171,2011/0372(COD),23/11/2011,2011,21/05/2013,2013,18,1,14340,1,10
1172,2011/0373(COD),29/11/2011,2011,21/05/2013,2013,18,1,7590,1,12
1173,2011/0374(COD),29/11/2011,2011,21/05/2013,2013,18,1,8145,0,12
1174,2011/0380(COD),02/12/2011,2011,15/05/2014,2014,29,1,37458,1,16
1175,2011/0384(COD),30/11/2011,2011,11/12/2013,2013,24,1,2961,1,11
1176,2011/0385(COD),23/11/2011,2011,21/05/2013,2013,18,1,2877,1,8
1177,2011/0386(COD),23/11/2011,2011,21/05/2013,2013,18,1,3913,1,8
1178,2011/0387(COD),30/11/2011,2011,11/12/2013,2013,24,1,880,1,11
1179,2011/0389(COD),30/11/2011,2011,16/04/2014,2014,29,1,10695,1,24
1180,2011/0392(COD),30/11/2011,2011,11/12/2013,2013,24,1,12517,1,11
1181,2011/0394(COD),30/11/2011,2011,11/12/2013,2013,24,1,9863,1,11
1182,2011/0398(COD),01/12/2011,2011,16/04/2014,2014,28,2,6807,1,13
1183,2011/0399(COD),30/11/2011,2011,11/12/2013,2013,24,1,12137,1,11
1184,2011/0401(COD),30/11/2011,2011,11/12/2013,2013,24,1,8853,1,11
1185,2011/0404(COD),07/12/2011,2011,11/03/2014,2014,27,1,9595,1,1
1186,2011/0405(COD),07/12/2011,2011,11/03/2014,2014,27,1,9981,1,1
1187,2011/0406(COD),07/12/2011,2011,11/03/2014,2014,27,1,10961,1,4
1188,2011/0409(COD),09/12/2011,2011,16/04/2014,2014,28,2,5957,1,10
1189,2011/0411(COD),07/12/2011,2011,11/03/2014,2014,27,1,6617,1,1
1190,2011/0412(COD),07/12/2011,2011,11/03/2014,2014,27,1,5027,1,1
1191,2011/0413(COD),07/12/2011,2011,11/03/2014,2014,27,1,5354,1,1
1192,2011/0415(COD),07/12/2011,2011,11/03/2014,2014,27,1,6220,1,1
1193,2011/0416(COD),07/12/2011,2011,22/10/2013,2013,22,1,3618,1,15
1194,2011/0417(COD),07/12/2011,2011,17/04/2013,2013,16,1,11206,1,8
1195,2011/0418(COD),07/12/2011,2011,17/04/2013,2013,16,1,12328,1,8
1196,2011/0421(COD),08/12/2011,2011,22/10/2013,2013,22,1,11559,1,10
1197,2011/0427(COD),12/12/2011,2011,22/10/2013,2013,22,1,8235,1,19
1198,2011/0428(COD),12/12/2011,2011,11/12/2013,2013,24,1,11637,1,10
1199,2011/0429(COD),31/01/2012,2012,12/08/2013,2013,18,1,7136,1,10
1200,2011/0430(COD),12/12/2011,2011,26/06/2013,2013,18,1,7065,1,11
1201,2011/0434(COD),14/12/2011,2011,25/10/2012,2012,10,1,3389,1,16
1202,2011/0435(COD),19/12/2011,2011,20/11/2013,2013,23,1,21253,1,12
1203,2011/0437(COD),20/12/2011,2011,26/02/2014,2014,26,1,25782,1,12
1204,2011/0438(COD),20/12/2011,2011,26/02/2014,2014,26,1,42746,1,12
1205,2011/0439(COD),20/12/2011,2011,26/02/2014,2014,26,1,44615,1,12
1206,2011/0440(COD),20/12/2011,2011,20/11/2013,2013,23,1,4172,1,9
1207,2011/0442(COD),21/12/2011,2011,04/07/2012,2012,6,1,2429,1,8
1208,2011/0445(COD),21/12/2011,2011,26/02/2014,2014,26,1,1395,1,5
1209,2011/0449(COD),19/12/2011,2011,11/03/2014,2014,27,1,4994,1,19
1210,2011/0453(COD),21/12/2011,2011,26/02/2014,2014,26,1,1941,1,5
1211,2011/0454(COD),19/12/2011,2011,26/02/2014,2014,26,1,4929,1,7
1212,2011/0455(COD),13/12/2011,2011,22/10/2013,2013,22,1,20154,1,18
1213,2011/0458(COD),20/12/2011,2011,22/10/2013,2013,22,1,6051,1,5
1214,2011/0459(COD),21/12/2011,2011,15/01/2013,2013,13,1,6585,1,8
1215,2011/0461(COD),20/12/2011,2011,17/12/2013,2013,24,1,12420,1,10
1216,2011/0465(COD),10/01/2012,2012,11/03/2014,2014,26,2,2491,1,5
1217,2011/0901A(COD),28/03/2011,2011,11/08/2012,2012,16,1,n/a,1,18
1218,2011/0902(COD),28/03/2011,2011,25/10/2012,2012,19,1,n/a,1,18
1219,2012/0003(COD),25/01/2012,2012,19/04/2012,2012,3,1,3606,1,9
1220,2012/0019(COD),07/02/2012,2012,13/06/2012,2012,4,1,1369,0,5
1221,2012/0023(COD),10/02/2012,2012,25/10/2012,2012,8,1,1641,1,10
1222,2012/0025(COD),10/02/2012,2012,25/10/2012,2012,8,1,1977,1,10
1223,2012/0027(COD),20/02/2012,2012,09/10/2013,2013,20,1,58047,1,12
1224,2012/0029(COD),07/03/2012,2012,23/07/2014,2014,28,1,29829,1,8
1225,2012/0036(COD),12/03/2012,2012,03/04/2014,2014,25,1,9285,1,19
1226,2012/0039(COD),05/03/2012,2012,12/06/2013,2013,15,1,12152,1,10
1227,2012/0040(COD),05/03/2012,2012,12/06/2013,2013,15,1,1475,1,10
1228,2012/0042(COD),12/03/2012,2012,21/05/2013,2013,14,1,9993,1,10
1229,2012/0049(COD),15/03/2012,2012,05/02/2013,2013,11,1,2977,1,11
1230,2012/0054(COD),16/03/2012,2012,12/12/2012,2012,9,1,1379,0,5
1231,2012/0055(COD),23/03/2012,2012,20/11/2013,2013,20,1,11506,1,10
1232,2012/0061(COD),21/03/2012,2012,15/05/2014,2014,26,1,16235,1,9
1233,2012/0062(COD),23/03/2012,2012,12/08/2013,2013,17,1,5527,1,13
1234,2012/0065(COD),23/03/2012,2012,20/11/2013,2013,20,1,4388,1,9
1235,2012/0066(COD),26/03/2012,2012,20/11/2013,2013,20,1,2995,1,10
1236,2012/0075(COD),30/03/2012,2012,09/10/2013,2013,18,1,3632,1,10
1237,2012/0084(COD),17/04/2012,2012,29/04/2015,2015,36,2,4027,1,8
1238,2012/0085(COD),16/04/2012,2012,16/04/2014,2014,24,1,1824,1,5
1239,2012/0110(COD),16/05/2012,2012,12/09/2012,2012,4,1,2317,0,8
1240,2012/0143(COD),07/06/2012,2012,21/11/2012,2012,5,1,1090,0,16
1241,2012/0145(COD),08/06/2012,2012,12/12/2012,2012,6,1,2015,1,5
1242,2012/0146(COD),04/06/2012,2012,23/07/2014,2014,25,1,15303,1,11
1243,2012/0150(COD),06/06/2012,2012,15/05/2014,2014,23,1,59756,1,8
1244,2012/0158(COD),21/06/2012,2012,13/03/2013,2013,9,1,9349,1,16
1245,2012/0163(COD),21/06/2012,2012,23/07/2014,2014,25,1,10544,1,5
1246,2012/0165(COD),28/06/2012,2012,21/11/2012,2012,5,1,824,1,15
1247,2012/0168(COD),03/07/2012,2012,23/07/2014,2014,24,1,13247,1,8
1248,2012/0169(COD),03/07/2012,2012,26/11/2014,2014,28,1,12982,1,8
1249,2012/0172(COD),02/07/2012,2012,21/11/2012,2012,4,1,1319,0,15
1250,2012/0180(COD),11/07/2012,2012,26/02/2014,2014,19,1,16941,1,18
1251,2012/0184(COD),13/07/2012,2012,03/04/2014,2014,21,1,7785,1,13
1252,2012/0185(COD),13/07/2012,2012,03/04/2014,2014,21,1,3239,1,13
1253,2012/0186(COD),13/07/2012,2012,03/04/2014,2014,21,1,7184,1,13
1254,2012/0190(COD),11/07/2012,2012,11/03/2014,2014,20,1,3946,1,10
1255,2012/0191(COD),11/07/2012,2012,26/02/2014,2014,19,1,2636,1,10
1256,2012/0192(COD),17/07/2012,2012,16/04/2014,2014,21,1,25046,1,10
1257,2012/0199(COD),20/07/2012,2012,16/04/2014,2014,21,2,7147,1,17
1258,2012/0202(COD),25/07/2012,2012,17/12/2013,2013,17,1,872,1,10
1259,2012/0216(COD),08/08/2012,2012,16/04/2014,2014,20,2,1315,1,10
1260,2012/0217(COD),09/08/2012,2012,12/12/2012,2012,4,1,1914,0,5
1261,2012/0224(COD),17/08/2012,2012,12/12/2012,2012,4,1,750,0,18
1262,2012/0237(COD),12/09/2012,2012,22/10/2014,2014,25,1,12726,1,20
1263,2012/0244(COD),12/09/2012,2012,22/10/2013,2013,13,1,4041,1,3
1264,2012/0245(COD),19/09/2012,2012,03/04/2014,2014,18,1,8056,1,4
1265,2012/0250(COD),27/09/2012,2012,20/11/2013,2013,14,1,5329,1,5
1266,2012/0251(COD),17/09/2012,2012,12/06/2013,2013,9,1,1123,0,5
1267,2012/0252(COD),20/09/2012,2012,13/03/2013,2013,6,1,4739,0,19
1268,2012/0253(COD),20/09/2012,2012,13/03/2013,2013,6,1,3894,0,19
1269,2012/0260(COD),21/09/2012,2012,15/05/2014,2014,20,1,3187,1,10
1270,2012/0261(COD),27/09/2012,2012,20/11/2013,2013,14,1,5911,1,19
1271,2012/0278(COD),04/10/2012,2012,16/04/2014,2014,18,1,8225,1,10
1272,2012/0283(COD),17/10/2012,2012,16/04/2014,2014,18,1,16108,1,12
1273,2012/0295(COD),24/10/2012,2012,11/03/2014,2014,17,1,18147,1,9
1274,2012/0297(COD),26/10/2012,2012,16/04/2014,2014,18,1,8157,1,10
1275,2012/0305(COD),07/11/2012,2012,16/04/2014,2014,17,1,10804,1,10
1276,2012/0309(COD),07/11/2012,2012,15/05/2014,2014,18,1,3621,1,19
1277,2012/0328(COD),20/11/2012,2012,24/04/2013,2013,5,1,1230,0,10
1278,2012/0336(COD),29/11/2012,2012,22/10/2014,2014,23,1,4306,1,6
1279,2012/0337(COD),29/11/2012,2012,20/11/2013,2013,12,1,1999,1,10
1280,2012/0343(COD),05/12/2012,2012,11/12/2013,2013,12,1,2462,1,15
1281,2012/0358(COD),17/12/2012,2012,23/07/2014,2014,19,1,13547,1,13
1282,2012/0359(COD),18/12/2012,2012,15/05/2014,2014,17,1,6394,1,5
1283,2012/0360(COD),12/12/2012,2012,20/05/2015,2015,29,2,13791,1,18
1284,2012/0361(COD),18/12/2012,2012,03/04/2014,2014,16,1,11052,1,13
1285,2012/0364(COD),19/12/2012,2012,03/04/2014,2014,16,1,5722,1,8
1286,2012/0366(COD),19/12/2012,2012,03/04/2014,2014,16,1,16762,1,10
1287,2013/0010(COD),24/01/2013,2013,15/05/2014,2014,16,1,1768,1,5
1288,2013/0012(COD),24/01/2013,2013,22/10/2014,2014,21,1,6939,1,13
1289,2013/0022(COD),06/02/2013,2013,16/04/2014,2014,14,1,8824,1,11
1290,2013/0023(COD),05/02/2013,2013,15/05/2014,2014,15,1,7615,1,19
1291,2013/0024(COD),05/02/2013,2013,20/05/2015,2015,27,2,8735,1,8
1292,2013/0025(COD),05/02/2013,2013,20/05/2015,2015,27,2,19908,1,8
1293,2013/0062(COD),26/02/2013,2013,26/02/2014,2014,12,1,3727,1,9
1294,2013/0063(COD),27/02/2013,2013,16/04/2014,2014,14,1,16558,1,15
1295,2013/0064(COD),28/02/2013,2013,16/04/2014,2014,14,1,5960,1,11
1296,2013/0074(COD),12/03/2013,2013,23/07/2014,2014,16,1,7451,1,13
1296,2013/0080(COD),26/03/2013,2013,15/05/2014,2014,14,1,12147,1,11
1298,2013/0082(COD),20/03/2013,2013,26/02/2014,2014,11,1,4397,1,11
1299,2013/0084(COD),27/03/2013,2013,15/05/2014,2014,14,1,2608,1,9
1300,2013/0092(COD),03/04/2013,2013,23/07/2014,2014,15,1,3723,1,13
1301,2013/0097(COD),08/04/2013,2013,26/02/2014,2014,10,1,1163,1,16
1302,2013/0099(COD),08/04/2013,2013,20/11/2013,2013,7,1,1270,1,5
1303,2013/0104(COD),10/04/2013,2013,12/06/2013,2013,2,1,1214,0,12
1304,2013/0105(COD),15/04/2013,2013,29/04/2015,2015,24,2,7559,0,13
1305,2013/0106(COD),12/04/2013,2013,15/05/2014,2014,13,1,8590,1,19
1306,2013/0110(COD),16/04/2013,2013,22/10/2014,2014,18,1,5678,1,18
1307,2013/0117(COD),18/04/2013,2013,17/12/2013,2013,8,1,6094,1,15
1308,2013/0124(COD),26/04/2013,2013,16/04/2014,2014,12,1,8948,1,9
1309,2013/0128(COD),29/04/2013,2013,11/12/2013,2013,7,1,5562,1,5
1310,2013/0130(COD),02/05/2013,2013,16/04/2014,2014,11,1,1147,1,10
1311,2013/0133(COD),02/05/2013,2013,15/05/2014,2014,12,1,1581,1,16
1312,2013/0139(COD),08/05/2013,2013,23/07/2014,2014,14,1,15387,1,8
1313,2013/0150(COD),16/05/2013,2013,11/03/2014,2014,10,1,5071,1,10
1314,2013/0152(COD),23/05/2013,2013,16/04/2014,2014,11,1,9019,1,6
1315,2013/0156(COD),21/05/2013,2013,11/12/2013,2013,7,1,2855,1,14
1316,2013/0162(COD),30/05/2013,2013,15/05/2014,2014,12,1,8359,1,17
1317,2013/0164(COD),29/05/2013,2013,03/04/2014,2014,10,1,7661,1,11
1318,2013/0165(COD),13/06/2013,2013,29/04/2015,2015,22,2,3972,1,12
1319,2013/0166(COD),13/06/2013,2013,15/05/2014,2014,11,1,3851,1,13
1320,2013/0169(COD),07/06/2013,2013,15/05/2014,2014,11,1,12057,1,15
1321,2013/0185(COD),11/06/2013,2013,26/11/2014,2014,17,1,18795,1,8
1322,2013/0191(COD),13/06/2013,2013,17/12/2013,2013,6,1,3085,0,16
1323,2013/0192(COD),13/06/2013,2013,17/12/2013,2013,6,1,3555,0,10
1324,2013/0198(COD),18/06/2013,2013,26/02/2014,2014,8,1,1812,0,5
1325,2013/0200(COD),18/06/2013,2013,11/03/2014,2014,9,1,1463,1,16
1326,2013/0202(COD),17/06/2013,2013,15/05/2014,2014,11,1,4436,1,9
1327,2013/0210(COD),21/06/2013,2013,15/05/2014,2014,11,1,4431,1,19
1328,2013/0213(COD),26/06/2013,2013,16/04/2014,2014,10,1,3849,1,12
1329,2013/0214(COD),26/06/2013,2013,29/04/2015,2015,22,1,15197,0,8
1330,2013/0221(COD),28/06/2013,2013,15/05/2014,2014,11,1,26061,1,12
1331,2013/0222(COD),26/06/2013,2013,15/05/2014,2014,11,1,8428,1,10
1332,2013/0224(COD),28/06/2013,2013,29/04/2015,2015,22,2,10648,1,10
1333,2013/0232(COD),10/07/2013,2013,15/05/2014,2014,10,1,6959,1,11
1334,2013/0233(COD),10/07/2013,2013,15/05/2014,2014,10,1,6352,1,11
1335,2013/0238(COD),10/07/2013,2013,16/04/2014,2014,9,1,4705,1,4
1336,2013/0239(COD),11/07/2013,2013,15/05/2014,2014,10,1,4006,1,10
1337,2013/0242(COD),10/07/2013,2013,15/05/2014,2014,10,1,6197,1,11
1338,2013/0243(COD),10/07/2013,2013,15/05/2014,2014,10,1,5797,1,11
1339,2013/0248(COD),25/07/2013,2013,15/05/2014,2014,10,1,6300,1,14
1340,2013/0249(COD),17/07/2013,2013,17/12/2013,2013,5,1,841,1,8
1341,2013/0253(COD),10/07/2013,2013,15/07/2014,2014,12,1,37962,1,8
1342,2013/0265(COD),24/07/2013,2013,29/04/2015,2015,21,1,15272,0,8
1343,2013/0268(COD),26/07/2013,2013,15/05/2014,2014,10,1,4702,1,18
1344,2013/0271(COD),25/07/2013,2013,11/12/2013,2013,5,1,1441,0,14
1345,2013/0278(COD),08/08/2013,2013,15/05/2014,2014,9,1,3410,1,8
1346,2013/0303(COD),10/09/2013,2013,15/05/2014,2014,8,1,1591,1,13
1347,2013/0307(COD),09/09/2013,2013,22/10/2014,2014,13,1,12326,1,10
1348,2013/0313(COD),20/09/2013,2013,15/05/2014,2014,8,1,1494,1,6
1349,2013/0325(COD),25/09/2013,2013,17/12/2013,2013,3,1,829,1,5
1350,2013/0327(COD),02/10/2013,2013,11/12/2013,2013,2,1,3316,1,8
1351,2013/0344(COD),16/10/2013,2013,16/04/2014,2014,6,1,3709,1,10
1352,2013/0367(COD),04/11/2013,2013,03/04/2014,2014,5,1,2064,1,15
1353,2013/0371(COD),04/11/2013,2013,29/04/2015,2015,17,2,2224,1,10
1354,2013/0377(COD),06/11/2013,2013,15/05/2014,2014,6,1,4855,1,10
1355,2013/0398(COD),21/11/2013,2013,22/10/2014,2014,11,1,8259,1,15
1356,2013/0415(COD),27/11/2013,2013,03/04/2014,2014,4,1,3791,0,19
1357,2013/0416(COD),05/12/2013,2013,15/05/2014,2014,5,1,6531,1,5
1358,2013/0436(COD),17/12/2013,2013,20/05/2015,2015,17,1,9415,0,16
1359,2013/0438(COD),10/12/2013,2013,16/04/2014,2014,4,1,2920,1,18
1360,2013/0439(COD),10/12/2013,2013,16/04/2014,2014,4,1,2866,1,18
1361,2013/0449(COD),09/01/2014,2014,26/02/2014,2014,1,1,3529,1,8
1362,2013/0812(COD),18/11/2013,2013,15/05/2014,2014,6,1,1207,1,19
1363,2014/0034(COD),06/02/2014,2014,15/05/2014,2014,3,1,3810,0,6
1364,2014/0090(COD),11/03/2014,2014,16/04/2014,2014,1,1,1352,0,5
1365,2014/0132(COD),05/05/2014,2014,11/02/2015,2015,9,1,920,0,10
1366,2014/0160(COD),27/05/2014,2014,11/03/2015,2015,10,1,1438,0,18
1367,2014/0163(COD),28/05/2014,2014,11/03/2015,2015,9,1,1693,0,18
1368,2014/0164(COD),28/05/2014,2014,11/03/2015,2015,9,1,1602,0,18
1369,2014/0166(COD),28/05/2014,2014,11/03/2015,2015,9,1,6842,0,18
1370,2014/0167(COD),28/05/2014,2014,11/03/2015,2015,9,1,2362,0,18
1371,2014/0168(COD),28/05/2014,2014,29/04/2015,2015,11,1,6093,0,5
