id,cod,start,yearstart,fin,yearfin,dur_months,words,ctte
1,1985/0046(COD),19/12/1985,1985,04/04/2001,2001,184,10824,8
2,1986/0080(COD),23/12/1986,1986,19/03/2001,2001,171,,8
3,1992/0449(COD),23/12/1992,1992,25/06/2002,2002,114,12964,9
4,1992/0449A(COD),23/12/1992,1992,06/02/2003,2003,121,12964,9
5,1992/0449B(COD),23/12/1992,1992,05/04/2006,2006,159,12964,9
6,1992/0449C(COD),23/12/1992,1992,29/04/2004,2004,136,12964,9
7,1993/0465(COD),27/07/1993,1993,16/02/1998,1998,55,11201,10
8,1994/0009(COD),19/01/1994,1994,05/06/1996,1996,29,1460,11
9,1994/0011(COD),31/01/1994,1994,20/03/2000,2000,74,7790,18
10,1994/0098(COD),07/04/1994,1994,23/07/1996,1996,27,13414,13
11,1995/0013B(COD),19/04/1995,1995,16/11/2000,2000,67,6618,11
12,1995/0232(COD),14/09/1995,1995,27/02/2003,2003,89,1586,13
13,1995/0235(COD),18/09/1995,1995,16/12/1999,1999,51,3006,9
14,1996/0085(COD),13/03/1996,1996,27/09/2001,2001,66,2349,24
15,1996/0112(COD),17/04/1996,1996,23/06/2000,2000,50,1661,10
16,1996/0130(COD),13/05/1996,1996,13/12/1999,1999,43,294,17
17,1996/0131(COD),13/05/1996,1996,13/12/1999,1999,43,301,17
18,1996/0304(COD),04/12/1996,1996,27/06/2001,2001,54,2504,10
19,1996/0312(COD),11/12/1996,1996,17/07/2000,2000,43,3344,10
20,1997/0067(COD),26/02/1997,1997,23/10/2000,2000,44,8631,10
21,1997/0162(COD),06/06/1997,1997,10/07/2000,2000,37,694,24
22,1997/0176(COD),17/10/1997,1997,10/11/2001,2001,49,1662,18
23,1997/0194(COD),09/07/1997,1997,18/09/2000,2000,38,3278,10
24,1997/0197(COD),03/09/1997,1997,04/04/2001,2001,43,3861,10
25,1997/0264(COD),10/10/1997,1997,16/05/2000,2000,31,3166,24
26,1997/0335(COD),08/12/1997,1997,12/12/2006,2006,108,2095,13
27,1997/0345(COD),02/12/1997,1997,14/05/2001,2001,41,3991,24
28,1997/0348(COD),10/12/1997,1997,27/06/2001,2001,42,1353,10
29,1997/0350(COD),03/12/1997,1997,13/12/1999,1999,24,2429,10
30,1997/0357(COD),15/12/1997,1997,20/03/2000,2000,27,,24
31,1997/0358(COD),10/12/1997,1997,22/05/2001,2001,41,1101,13
32,1997/0359(COD),10/12/1997,1997,22/05/2001,2001,41,5144,24
33,1997/0370(COD),18/11/1997,1997,28/02/2000,2000,27,10607,11
34,1997/0371(COD),18/11/1997,1997,28/02/2000,2000,27,10607,11
35,1998/0029(COD),18/02/1998,1998,08/05/2000,2000,27,4731,10
36,1998/0052(COD),18/02/1998,1998,10/04/2000,2000,26,471,10
37,1998/0071(COD),23/04/1998,1998,20/03/2000,2000,23,1212,24
38,1998/0072(COD),23/02/1998,1998,12/03/2001,2001,37,6056,10
39,1998/0089(COD),02/04/1998,1998,28/02/2000,2000,22,1252,24
40,1998/0097(COD),11/03/1998,1998,06/06/2000,2000,27,1684,13
41,1998/0099(COD),25/03/1998,1998,29/06/2000,2000,27,2459,11
42,1998/0101(COD),18/03/1998,1998,19/07/1999,1999,16,2242,6
43,1998/0106(COD),19/03/1998,1998,17/04/2000,2000,25,1757,13
44,1998/0134(COD),03/06/1998,1998,16/11/2000,2000,29,2525,18
45,1998/0163(COD),20/05/1998,1998,20/03/2000,2000,22,1059,18
46,1998/0169(COD),06/05/1998,1998,14/02/2000,2000,21,1868,17
47,1998/0191(COD),13/05/1998,1998,13/12/1999,1999,19,3254,18
48,1998/0192(COD),20/05/1998,1998,24/01/2000,2000,20,1434,21
49,1998/0195(COD),27/05/1998,1998,24/01/2000,2000,20,3230,17
50,1998/0197(COD),28/08/1998,1998,13/04/2000,2000,20,3258,17
51,1998/0202(COD),12/06/1998,1998,22/06/2000,2000,24,1707,10
52,1998/0225(COD),08/07/1998,1998,23/10/2001,2001,39,1707,10
53,1998/0228(COD),14/08/1998,1998,29/06/2000,2000,22,7782,10
54,1998/0238(COD),13/07/1998,1998,10/04/2000,2000,21,1421,10
55,1998/0240(COD),27/07/1998,1998,16/12/1999,1999,17,2995,10
56,1998/0242(COD),17/07/1998,1998,21/01/2002,2002,42,7973,8
57,1998/0243(COD),17/07/1998,1998,21/01/2002,2002,42,3990,8
58,1998/0245(COD),19/11/1998,1998,23/09/2002,2002,46,4453,24
59,1998/0247(COD),03/09/1998,1998,22/05/2000,2000,20,1865,10
60,1998/0249(COD),17/07/1998,1998,27/11/2000,2000,28,3739,13
61,1998/0252(COD),21/09/1998,1998,18/09/2000,2000,24,2896,8
62,1998/0253(COD),21/09/1998,1998,18/09/2000,2000,24,478,8
63,1998/0265(COD),29/09/1998,1998,26/02/2001,2001,29,1082,13
64,1998/0266(COD),29/09/1998,1998,26/02/2001,2001,29,887,13
65,1998/0267(COD),31/03/1998,1998,26/02/2001,2001,35,8886,13
66,1998/0272(COD),03/09/1998,1998,13/12/1999,1999,15,2062,10
67,1998/0277(COD),28/09/1998,1998,27/09/2001,2001,36,1137,24
68,1998/0289(COD),29/10/1998,1998,04/12/2000,2000,25,5918,10
69,1998/0296(COD),11/11/1998,1998,22/05/2000,2000,18,1782,15
70,1998/0300(COD),21/10/1998,1998,22/01/2001,2001,27,2082,25
71,1998/0301(COD),03/11/1998,1998,14/12/2000,2000,25,1978,10
72,1998/0303(COD),30/10/1998,1998,19/03/2001,2001,29,4389,10
73,1998/0314(COD),11/11/1998,1998,17/12/1999,1999,13,1415,18
74,1998/0315(COD),11/11/1998,1998,11/03/2002,2002,40,2913,9
75,1998/0318(COD),24/11/1998,1998,22/06/2000,2000,19,1497,9
76,1998/0319(COD),24/11/1998,1998,11/03/2002,2002,40,3038,9
77,1998/0321(COD),24/11/1998,1998,13/12/1999,1999,13,2106,9
78,1998/0323(COD),07/01/1999,1999,22/05/2001,2001,28,5673,10
79,1998/0324(COD),07/01/1999,1999,22/05/2001,2001,28,583,15
80,1998/0325(COD),18/11/1998,1998,08/06/2000,2000,19,6484,24
81,1998/0327(COD),27/11/1998,1998,27/06/2001,2001,31,584,9
82,1998/0333(COD),01/12/1998,1998,16/11/2000,2000,23,2047,10
83,1998/0336(COD),09/12/1998,1998,17/07/2000,2000,19,4137,10
84,1998/0350(COD),16/12/1998,1998,20/12/2000,2000,24,1368,10
85,1998/0358(COD),16/12/1998,1998,04/04/2001,2001,28,4476,10
86,1998/0360(COD),21/12/1998,1998,30/04/2004,2004,64,14388,9
87,1999/0007(COD),10/02/1999,1999,26/06/2000,2000,16,1317,24
88,1999/0010(COD),27/01/1999,1999,25/11/2002,2002,46,1509,10
89,1999/0014(COD),04/02/1999,1999,22/12/1999,1999,10,782,11
90,1999/0015(COD),03/02/1999,1999,07/11/2000,2000,21,2784,4
91,1999/0020(COD),28/01/1999,1999,07/11/2000,2000,21,2446,4
92,1999/0022(COD),27/01/1999,1999,18/12/2000,2000,23,1031,13
93,1999/0051(COD),05/03/1999,1999,23/11/1999,1999,8,317,15
94,1999/0067(COD),09/06/1999,1999,23/10/2001,2001,28,2833,10
95,1999/0068(COD),09/06/1999,1999,12/02/2002,2002,32,4045,10
96,1999/0070(COD),12/03/1999,1999,29/06/2000,2000,15,4298,4
97,1999/0083(COD),17/05/1999,1999,10/10/2000,2000,17,2845,13
98,1999/0085(COD),08/04/1999,1999,30/04/2004,2004,60,5923,24
99,1999/0087(COD),17/05/1999,1999,10/10/2000,2000,17,1727,13
100,1999/0090(COD),14/04/1999,1999,20/03/2000,2000,11,,24
101,1999/0117(COD),25/06/1999,1999,18/03/2002,2002,33,3377,24
102,1999/0127(COD),16/06/1999,1999,18/09/2000,2000,15,7127,11
103,1999/0134(COD),28/06/1999,1999,06/11/2001,2001,28,25000,24
104,1999/0137(COD),08/07/1999,1999,28/09/2000,2000,14,994,15
105,1999/0152(COD),14/07/1999,1999,04/12/2001,2001,29,8190,19
106,1999/0153(COD),14/09/1999,1999,18/12/2000,2000,15,8565,19
107,1999/0158(COD),22/07/1999,1999,12/02/2001,2001,19,1168,10
108,1999/0159(COD),22/07/1999,1999,27/06/2001,2001,23,849,10
109,1999/0160(COD),22/07/1999,1999,27/06/2001,2001,23,969,10
110,1999/0180(COD),08/09/1999,1999,06/11/2001,2001,26,16727,24
111,1999/0188(COD),14/09/1999,1999,18/09/2000,2000,12,4501,24
112,1999/0194(COD),15/09/1999,1999,17/07/2000,2000,10,297,4
113,1999/0200(COD),18/10/1999,1999,07/11/2000,2000,13,1254,8
114,1999/0204(COD),13/10/1999,1999,17/07/2000,2000,9,6781,10
115,1999/0208(COD),13/10/1999,1999,17/07/2000,2000,9,6004,17
116,1999/0217(COD),25/10/1999,1999,16/05/2000,2000,7,2022,15
117,1999/0233(COD),22/11/1999,1999,27/06/2001,2001,19,1788,10
118,1999/0238(COD),10/11/1999,1999,14/12/2005,2005,73,2466,10
119,1999/0244(COD),16/11/1999,1999,05/06/2001,2001,19,6746,10
120,1999/0252(COD),25/11/1999,1999,19/03/2001,2001,16,6377,13
121,1999/0259(COD),17/12/1999,1999,07/05/2002,2002,29,3666,10
122,1999/0264(COD),10/12/1999,1999,04/04/2001,2001,16,1396,13
123,1999/0269(COD),10/12/1999,1999,19/07/2002,2002,31,1636,10
124,1999/0275(COD),14/12/1999,1999,19/01/2001,2001,13,2737,17
125,2000/0006(COD),06/01/2000,2000,19/06/2001,2001,17,1883,10
126,2000/0014(COD),10/01/2000,2000,07/11/2000,2000,10,1378,8
127,2000/0015(COD),07/01/2000,2000,28/01/2002,2002,24,2369,15
128,2000/0019(COD),10/01/2000,2000,03/12/2001,2001,23,1094,8
129,2000/0020(COD),07/01/2000,2000,16/05/2000,2000,4,820,11
130,2000/0021(COD),21/01/2000,2000,10/07/2001,2001,18,4615,17
131,2000/0022(COD),24/01/2000,2000,12/02/2001,2001,13,2607,17
132,2000/0032(COD),26/01/2000,2000,30/05/2001,2001,16,3573,19
133,2000/0033(COD),15/03/1999,1999,06/11/2001,2001,32,5644,11
134,2000/0034(COD),31/01/2000,2000,04/04/2001,2001,14,1224,4
135,2000/0035(COD),07/02/2000,2000,20/11/2001,2001,21,8990,10
136,2000/0040(COD),14/02/2000,2000,22/01/2001,2001,11,1311,10
137,2000/0043(COD),24/02/2000,2000,27/09/2001,2001,19,2664,24
138,2000/0044(COD),28/02/2000,2000,07/05/2001,2001,14,1982,13
139,2000/0060(COD),23/03/2000,2000,18/02/2002,2002,23,3876,13
140,2000/0062(COD),14/03/2000,2000,23/07/2001,2001,16,2836,25
141,2000/0065(COD),21/03/2000,2000,19/12/2001,2001,21,5318,14
142,2000/0066(COD),21/03/2000,2000,19/12/2001,2001,21,6384,14
143,2000/0067(COD),21/03/2000,2000,18/02/2002,2002,23,9193,13
144,2000/0068(COD),21/03/2000,2000,23/07/2001,2001,16,3748,10
145,2000/0069(COD),24/03/2000,2000,12/12/2006,2006,81,3217,13
146,2000/0070(COD),28/04/2000,2000,05/06/2001,2001,13,2543,9
147,2000/0073(COD),29/03/2000,2000,03/12/2001,2001,20,16215,10
148,2000/0077(COD),05/04/2000,2000,27/02/2003,2003,34,5325,10
149,2000/0080(COD),08/05/2000,2000,10/06/2002,2002,25,4651,10
150,2000/0104(COD),20/06/2000,2000,25/06/2002,2002,24,1743,10
151,2000/0115(COD),10/05/2000,2000,31/03/2004,2004,46,37957,24
152,2000/0116(COD),10/05/2000,2000,27/09/2001,2001,16,9719,11
153,2000/0117(COD),10/05/2000,2000,31/03/2004,2004,46,41322,24
154,2000/0119(COD),16/05/2000,2000,23/09/2002,2002,28,3485,10
155,2000/0121(COD),22/05/2000,2000,04/12/2001,2001,18,16892,13
156,2000/0131(COD),06/06/2000,2000,04/04/2001,2001,10,9519,24
157,2000/0132(COD),24/05/2000,2000,22/09/2003,2003,40,2939,10
158,2000/0136(COD),22/06/2000,2000,19/07/2002,2002,25,6351,10
159,2000/0139(COD),30/05/2000,2000,10/06/2002,2002,24,12655,13
160,2000/0140(COD),20/06/2000,2000,19/01/2001,2001,7,11724,13
161,2000/0142(COD),07/06/2000,2000,23/09/2002,2002,27,6727,21
162,2000/0145(COD),06/06/2000,2000,13/05/2002,2002,23,4020,13
163,2000/0157(COD),16/06/2000,2000,07/12/2001,2001,18,4885,9
164,2000/0158(COD),13/06/2000,2000,27/01/2003,2003,31,26969,10
165,2000/0159(COD),13/06/2000,2000,27/01/2003,2003,31,24681,10
166,2000/0162(COD),28/06/2000,2000,05/11/2002,2002,28,29345,24
167,2000/0169(COD),29/06/2000,2000,28/01/2003,2003,31,12084,10
168,2000/0170(COD),06/07/2000,2000,28/09/2000,2000,2,416,10
169,2000/0174(COD),20/07/2000,2000,28/05/2001,2001,10,2420,24
170,2000/0175(COD),06/07/2000,2000,28/09/2000,2000,2,487,10
171,2000/0178(COD),14/07/2000,2000,29/04/2004,2004,45,10149,10
172,2000/0179(COD),14/07/2000,2000,29/04/2004,2004,45,7644,10
173,2000/0182(COD),14/07/2000,2000,21/04/2004,2004,45,7606,10
174,2000/0183(COD),12/07/2000,2000,07/03/2002,2002,20,12013,24
175,2000/0184(COD),12/07/2000,2000,07/03/2002,2002,20,11440,11
176,2000/0185(COD),12/07/2000,2000,18/12/2000,2000,5,2158,11
177,2000/0186(COD),12/07/2000,2000,07/03/2002,2002,20,8295,11
178,2000/0187(COD),17/07/2000,2000,07/03/2002,2002,20,6051,11
179,2000/0188(COD),12/07/2000,2000,07/03/2002,2002,20,6886,11
180,2000/0189(COD),12/07/2000,2000,12/07/2002,2002,24,8280,19
181,2000/0192(COD),25/07/2000,2000,26/02/2001,2001,7,3132,10
182,2000/0194(COD),26/07/2000,2000,25/06/2002,2002,23,7581,10
183,2000/0195(COD),20/07/2000,2000,10/06/2002,2002,23,4496,9
184,2000/0201(COD),20/07/2000,2000,12/03/2001,2001,8,5202,8
185,2000/0211(COD),06/09/2000,2000,07/12/2001,2001,15,2476,10
186,2000/0212(COD),26/07/2000,2000,23/10/2007,2007,87,11578,13
187,2000/0213(COD),20/09/2000,2000,09/12/2002,2002,27,8852,8
188,2000/0221(COD),18/09/2000,2000,26/05/2003,2003,32,2634,10
189,2000/0227(COD),08/09/2000,2000,30/05/2002,2002,20,1231,10
190,2000/0230(COD),19/10/2000,2000,21/10/2002,2002,24,896,10
191,2000/0233(COD),15/09/2000,2000,31/03/2004,2004,42,8772,11
192,2000/0236(COD),15/09/2000,2000,05/11/2002,2002,26,8571,13
193,2000/0237(COD),15/09/2000,2000,05/11/2002,2002,26,8311,13
194,2000/0241(COD),20/09/2000,2000,12/02/2002,2002,17,894,6
195,2000/0246(COD),27/09/2000,2000,15/07/2002,2002,22,17458,13
196,2000/0249(COD),25/10/2000,2000,05/03/2002,2002,16,3629,8
197,2000/0251(COD),25/10/2000,2000,05/03/2002,2002,16,7929,8
198,2000/0259(COD),19/10/2000,2000,03/10/2002,2002,24,18781,10
199,2000/0260(COD),11/10/2000,2000,03/06/2003,2003,32,11660,8
200,2000/0262(COD),12/10/2000,2000,16/06/2003,2003,32,12770,10
201,2000/0286(COD),08/11/2000,2000,28/01/2002,2002,14,26621,10
202,2000/0291(COD),23/11/2000,2000,19/12/2001,2001,13,1848,15
203,2000/0297(COD),22/11/2000,2000,01/03/2002,2002,15,1940,13
204,2000/0315(COD),07/12/2000,2000,08/04/2003,2003,28,6027,13
205,2000/0323(COD),13/12/2000,2000,27/01/2003,2003,25,8955,10
206,2000/0325(COD),06/12/2000,2000,27/06/2002,2002,18,15617,13
207,2000/0327(COD),06/12/2000,2000,27/06/2002,2002,18,8997,13
208,2000/0328(COD),12/12/2000,2000,22/04/2002,2002,16,3350,11
209,2000/0331(COD),18/01/2001,2001,26/05/2003,2003,28,8475,10
210,2000/0332(COD),22/12/2000,2000,05/06/2001,2001,5,2020,17
211,2000/0336(COD),18/12/2000,2000,09/12/2002,2002,24,8471,10
212,2000/0338(COD),20/12/2000,2000,29/10/2001,2001,10,2867,4
213,2000/0343(COD),19/12/2000,2000,13/06/2003,2003,30,6066,13
214,2001/0004(COD),26/01/2001,2001,17/05/2006,2006,64,12351,12
215,2001/0005(COD),11/01/2001,2001,23/07/2001,2001,6,923,4
216,2001/0006(COD),15/01/2001,2001,23/09/2002,2002,20,6873,8
217,2001/0018(COD) ,15/01/2001,2001,06/02/2003,2003,25,1645,10
218,2001/0023(COD) ,25/01/2001,2001,05/11/2002,2002,21,2594,8
219,2001/0026(COD) ,07/02/2001,2001,18/02/2002,2002,12,2857,13
220,2001/0029(COD) ,24/01/2001,2001,22/07/2002,2002,18,4881,10
221,2001/0033(COD) ,02/02/2001,2001,15/07/2003,2003,29,2449,13
222,2001/0044(COD) ,13/02/2001,2001,19/07/2002,2002,17,4339,24
223,2001/0046(COD) ,14/02/2001,2001,26/05/2003,2003,27,2832,13
224,2001/0048(COD) ,12/02/2001,2001,16/12/2002,2002,22,4152,13
225,2001/0053(COD) ,21/02/2001,2001,27/06/2002,2002,16,4912,11
226,2001/0056(COD) ,21/02/2001,2001,10/06/2002,2002,16,2395,8
227,2001/0060(COD) ,10/10/2001,2001,11/03/2003,2003,17,2495,13
228,2001/0077(COD) ,13/03/2001,2001,26/06/2003,2003,27,11659,11
229,2001/0077A(COD) ,13/03/2001,2001,26/06/2003,2003,27,11659,11
230,2001/0078(COD) ,13/03/2001,2001,26/06/2003,2003,27,8225,11
231,2001/0086(COD) ,27/03/2001,2001,06/06/2002,2002,14,9985,8
232,2001/0095(COD) ,24/04/2001,2001,16/12/2002,2002,20,14189,8
233,2001/0098(COD) ,11/05/2001,2001,16/12/2002,2002,19,9158,11
234,2001/0107(COD) ,11/05/2001,2001,03/03/2003,2003,22,9451,10
235,2001/0110(COD) ,14/05/2001,2001,26/05/2003,2003,24,1892,10
236,2001/0111(COD) ,23/05/2001,2001,29/04/2004,2004,35,19506,19
237,2001/0117(COD) ,30/05/2001,2001,04/11/2003,2003,29,13831,8
238,2001/0118(COD) ,30/05/2001,2001,28/01/2003,2003,20,8468,8
239,2001/0119(COD) ,30/05/2001,2001,26/05/2003,2003,24,7089,24
240,2001/0127(COD) ,13/06/2001,2001,08/10/2002,2002,16,940,9
241,2001/0135(COD) ,14/06/2001,2001,05/11/2002,2002,17,2173,13
242,2001/0138(COD) ,20/06/2001,2001,27/05/2002,2002,11,1228,13
243,2001/0139(COD) ,22/06/2001,2001,01/03/2002,2002,8,4355,10
244,2001/0140(COD) ,20/06/2001,2001,21/04/2004,2004,34,14978,13
245,2001/0140A(COD) ,20/06/2001,2001,22/07/2003,2003,25,14978,13
246,2001/0165(COD),20/07/2001,2001,27/03/2003,2003,20,5290,9
247,2001/0166(COD),23/07/2001,2001,27/02/2003,2003,19,2135,8
248,2001/0173(COD),25/07/2001,2001,22/09/2003,2003,26,17689,10
249,2001/0174(COD),25/07/2001,2001,19/12/2001,2001,5,3440,8
250,2001/0176(COD),01/08/2001,2001,17/11/2003,2003,27,6084,10
251,2001/0177(COD),01/08/2001,2001,17/11/2003,2003,27,6893,10
252,2001/0179(COD),03/08/2001,2001,05/11/2002,2002,15,2245,24
253,2001/0180(COD),25/07/2001,2001,22/09/2003,2003,26,6218,10
254,2001/0185(COD),19/11/2001,2001,16/06/2003,2003,19,4036,8
255,2001/0186(COD),22/08/2001,2001,07/12/2001,2001,4,918,10
256,2001/0197(COD),24/08/2001,2001,22/07/2003,2003,23,1966,11
257,2001/0199(COD),06/09/2001,2001,10/11/2003,2003,26,3221,10
258,2001/0202(COD),10/09/2001,2001,16/12/2002,2002,15,8423,11
259,2001/0210(COD),14/09/2001,2001,21/10/2002,2002,13,2177,11
260,2001/0211(COD),14/09/2001,2001,21/10/2002,2002,13,1833,11
261,2001/0212(COD),14/09/2001,2001,13/10/2003,2003,25,9107,24
262,2001/0226(COD),03/12/2001,2001,21/04/2004,2004,28,2076,6
263,2001/0229(COD),01/10/2001,2001,29/04/2004,2004,30,11394,13
264,2001/0234(COD),10/10/2001,2001,16/12/2002,2002,14,4195,13
265,2001/0235(COD),10/10/2001,2001,10/03/2004,2004,29,4865,13
266,2001/0236(COD),10/10/2001,2001,10/03/2004,2004,29,3281,13
267,2001/0237(COD),10/10/2001,2001,10/03/2004,2004,29,4680,13
268,2001/0241(COD),12/10/2001,2001,15/03/2006,2006,53,12379,13
269,2001/0243(COD),23/10/2001,2001,13/05/2002,2002,7,1166,4
270,2001/0244(COD),16/10/2001,2001,06/02/2003,2003,16,4917,17
271,2001/0245(COD),23/10/2001,2001,13/10/2003,2003,24,12504,10
272,2001/0251(COD),23/10/2001,2001,19/12/2001,2001,2,1135,4
273,2001/0252(COD),26/11/2001,2001,31/03/2004,2004,28,23300,10
274,2001/0253(COD),26/11/2001,2001,31/03/2004,2004,28,16417,10
275,2001/0254(COD),26/11/2001,2001,31/03/2004,2004,28,20096,10
276,2001/0255(COD),24/10/2001,2001,11/02/2004,2004,28,3321,10
277,2001/0257(COD),10/12/2001,2001,16/12/2003,2003,24,5865,10
278,2001/0265(COD),07/11/2001,2001,08/05/2003,2003,18,7638,11
279,2001/0267(COD),07/11/2001,2001,15/04/2002,2002,5,727,10
280,2001/0268(COD),07/11/2001,2001,15/04/2002,2002,5,723,10
281,2001/0277(COD),28/11/2001,2001,22/07/2003,2003,20,1750,10
282,2001/0281(COD),28/11/2001,2001,16/12/2002,2002,13,2510,8
283,2001/0282(COD),28/11/2001,2001,26/03/2002,2002,4,6854,13
284,2001/0291(COD),07/12/2001,2001,11/02/2004,2004,26,1496,10
285,2001/0293(COD),13/12/2001,2001,16/06/2003,2003,18,3932,9
286,2001/0296(COD),22/03/2000,2000,12/07/2002,2002,28,1432,11
287,2001/0305(COD),21/12/2001,2001,11/02/2004,2004,26,7479,13
288,2001/0310(COD),20/12/2001,2001,22/12/2003,2003,24,1105,13
289,2001/0311(COD),20/12/2001,2001,26/06/2003,2003,18,11704,11
290,2001/0314(COD),27/12/2001,2001,29/09/2003,2003,21,912,20
291,2001/0317(COD),07/01/2002,2002,10/11/2003,2003,22,1940,24
292,2002/0008(COD),17/01/2002,2002,31/03/2004,2004,26,5302,10
293,2002/0013(COD),11/01/2002,2002,27/05/2002,2002,4,2389,13
294,2002/0014(COD),14/01/2002,2002,21/04/2004,2004,27,4828,24
295,2002/0015(COD),17/01/2002,2002,03/12/2002,2002,11,6008,8
296,2002/0017(COD),16/01/2002,2002,26/05/2003,2003,16,7099,24
297,2002/0021(COD),23/01/2002,2002,21/04/2004,2004,27,21044,24
298,2002/0022(COD),23/01/2002,2002,29/04/2004,2004,27,16013,13
299,2002/0023(COD),24/01/2002,2002,29/04/2004,2004,27,9172,13
300,2002/0024(COD),24/01/2002,2002,29/04/2004,2004,27,10877,13
301,2002/0025(COD),23/01/2002,2002,29/04/2004,2004,27,1757,13
302,2002/0026(COD),24/01/2002,2002,28/01/2003,2003,12,14547,10
303,2002/0029(COD),23/01/2002,2002,11/02/2003,2003,13,3885,24
304,2002/0038(COD),04/02/2002,2002,22/07/2003,2003,17,16361,13
305,2002/0040(COD),12/02/2002,2002,26/05/2003,2003,15,1973,10
306,2002/0044(COD),13/02/2002,2002,21/10/2002,2002,8,811,15
307,2002/0046(COD),18/02/2002,2002,15/07/2003,2003,17,5078,10
308,2002/0051(COD),04/03/2002,2002,15/07/2003,2003,16,3322,4
309,2002/0052(COD),07/03/2002,2002,15/07/2003,2003,16,3205,4
310,2002/0061(COD),07/03/2002,2002,07/09/2005,2005,42,22324,12
311,2002/0067(COD),12/03/2002,2002,21/04/2004,2004,25,4674,13
312,2002/0071(COD),22/03/2002,2002,16/06/2003,2003,15,1598,19
313,2002/0072(COD),20/03/2002,2002,19/11/2008,2008,80,9215,9
314,2002/0073(COD),22/03/2002,2002,22/09/2003,2003,18,8849,15
315,2002/0074(COD),25/03/2002,2002,14/04/2003,2003,13,7283,13
316,2002/0075(COD),25/03/2002,2002,14/04/2003,2003,13,3340,13
317,2002/0078(COD),27/03/2002,2002,30/09/2002,2002,6,1234,11
318,2002/0082(COD),09/04/2002,2002,26/06/2003,2003,14,11334,11
319,2002/0090(COD),18/04/2002,2002,21/04/2004,2004,24,13837,24
320,2002/0101(COD),29/04/2002,2002,27/02/2003,2003,10,2677,17
321,2002/0109(COD),15/05/2002,2002,16/06/2003,2003,13,1262,8
322,2002/0112(COD),09/07/2002,2002,18/06/2003,2003,11,7867,24
323,2002/0122(COD),03/06/2002,2002,15/07/2003,2003,13,5572,24
324,2002/0123(COD),05/06/2002,2002,17/11/2003,2003,17,8291,11
325,2002/0124(COD),07/06/2002,2002,11/05/2005,2005,35,10414,12
326,2002/0128(COD),19/06/2002,2002,31/03/2004,2004,21,11612,10
327,2002/0131(COD),24/06/2002,2002,04/11/2003,2003,16,6026,24
328,2002/0132(COD),25/06/2002,2002,26/10/2005,2005,40,4244,19
329,2002/0141(COD),11/07/2002,2002,29/04/2004,2004,21,3770,10
330,2002/0149(COD),12/07/2002,2002,14/04/2003,2003,9,7302,13
331,2002/0152(COD),11/07/2002,2002,22/12/2003,2003,17,2691,10
332,2002/0163(COD),15/07/2002,2002,10/11/2003,2003,16,5970,10
333,2002/0164(COD),15/07/2002,2002,17/11/2003,2003,16,7437,10
334,2002/0165(COD),17/07/2002,2002,05/12/2003,2003,17,11896,17
335,2002/0169(COD),17/07/2002,2002,22/07/2003,2003,12,3761,6
336,2002/0179(COD),17/07/2002,2002,22/07/2003,2003,12,3809,6
337,2002/0181(COD),17/07/2002,2002,22/07/2003,2003,12,3726,6
338,2002/0182(COD),17/07/2002,2002,22/07/2003,2003,12,3574,6
339,2002/0185(COD),22/07/2002,2002,11/02/2004,2004,19,14882,11
340,2002/0187(COD),26/07/2002,2002,17/11/2003,2003,16,3733,11
341,2002/0201(COD),05/08/2002,2002,18/06/2003,2003,10,901,10
342,2002/0206(COD),16/08/2002,2002,18/06/2003,2003,10,1707,10
343,2002/0211(COD),28/08/2002,2002,16/06/2003,2003,10,3378,11
344,2002/0216(COD),10/06/2002,2002,31/03/2004,2004,21,6746,10
345,2002/0217(COD),10/09/2002,2002,11/02/2004,2004,17,4611,19
346,2002/0222(COD),11/09/2002,2002,23/04/2008,2008,67,24577,12
347,2002/0231(COD),26/09/2002,2002,11/02/2004,2004,17,1835,24
348,2002/0233(COD),26/09/2002,2002,11/02/2004,2004,17,2340,24
349,2002/0234(COD),24/09/2002,2002,21/04/2004,2004,19,5961,13
350,2002/0240(COD),01/10/2002,2002,21/04/2004,2004,18,11830,24
351,2002/0251(COD),25/10/2002,2002,05/12/2003,2003,13,1686,11
352,2002/0254(COD),24/10/2002,2002,15/02/2006,2006,40,11054,10
353,2002/0259(COD),20/11/2002,2002,06/07/2005,2005,32,9726,10
354,2002/0268(COD),21/11/2002,2002,22/09/2003,2003,10,2146,10
355,2002/0269(COD),19/11/2002,2002,21/04/2004,2004,17,41947,8
356,2002/0274(COD),29/11/2002,2002,22/12/2003,2003,13,5876,10
357,2002/0301(COD),23/12/2002,2002,21/04/2004,2004,16,8344,10
358,2002/0303(COD),19/12/2002,2002,05/12/2003,2003,12,8586,17
359,2002/0304(COD),27/12/2002,2002,21/04/2004,2004,16,13196,10
360,2002/0306(COD),23/12/2002,2002,15/12/2004,2004,24,9139,11
361,2002/0309(COD),30/12/2002,2002,29/04/2004,2004,16,7228,13
362,2002/0310(COD),20/12/2002,2002,22/07/2003,2003,7,4424,13
363,2003/0001(COD),13/01/2003,2003,17/11/2003,2003,10,4780,13
364,2003/0020(COD),31/01/2003,2003,08/12/2003,2003,10,3213,10
365,2003/0023(COD),04/02/2003,2003,05/12/2003,2003,10,1215,15
366,2003/0024(COD),30/01/2003,2003,29/04/2004,2004,15,19538,24
367,2003/0025(COD),04/02/2003,2003,21/04/2004,2004,14,4705,21
368,2003/0029(COD),05/02/2003,2003,11/02/2004,2004,12,6969,10
369,2003/0030(COD),05/02/2003,2003,29/04/2004,2004,14,29443,10
370,2003/0032(COD),11/02/2003,2003,10/03/2004,2004,13,9634,11
371,2003/0033(COD),19/02/2003,2003,17/11/2003,2003,9,3150,13
372,2003/0037(COD),03/12/2002,2002,07/09/2005,2005,33,6848,13
373,2003/0039(COD),19/02/2003,2003,04/11/2003,2003,8,2699,20
374,2003/0044(COD),26/02/2003,2003,29/04/2004,2004,14,1470,13
375,2003/0045(COD),26/03/2003,2003,15/12/2004,2004,21,25268,8
376,2003/0046(COD),05/03/2003,2003,16/06/2003,2003,3,1007,10
377,2003/0047(COD),12/03/2003,2003,25/11/2003,2003,8,1870,9
378,2003/0052(COD),14/03/2003,2003,23/02/2005,2005,23,15555,10
379,2003/0058(COD),27/03/2003,2003,13/07/2009,2009,76,1256,18
380,2003/0059(COD),28/03/2003,2003,13/07/2009,2009,76,1246,18
381,2003/0060(COD),02/04/2003,2003,05/12/2003,2003,8,1332,15
382,2003/0064(COD),16/04/2003,2003,29/04/2004,2004,12,1163,17
383,2003/0067(COD),16/04/2003,2003,29/04/2004,2004,12,1124,17
384,2003/0071(COD),14/04/2003,2003,12/01/2005,2005,21,7911,10
385,2003/0076(COD),22/04/2003,2003,31/03/2004,2004,11,1052,17
386,2003/0081(COD),23/04/2003,2003,29/04/2004,2004,12,6384,13
387,2003/0084(COD),29/04/2003,2003,08/12/2003,2003,7,2865,10
388,2003/0085(COD),29/04/2003,2003,10/11/2003,2003,6,795,15
389,2003/0086(COD),29/04/2003,2003,06/07/2005,2005,26,2635,11
390,2003/0089(COD),02/05/2003,2003,31/03/2004,2004,10,8482,13
391,2003/0094(COD),12/05/2003,2003,12/12/2006,2006,43,3009,24
392,2003/0095(COD),08/05/2003,2003,10/03/2004,2004,10,2802,8
393,2003/0099(COD),12/05/2003,2003,23/04/2009,2009,71,2754,18
394,2003/0107(COD),02/06/2003,2003,15/03/2006,2006,33,23497,10
395,2003/0109(COD),27/05/2003,2003,29/04/2004,2004,11,2568,21
396,2003/0113(COD),27/05/2003,2003,21/04/2004,2004,11,2368,17
397,2003/0114(COD),27/05/2003,2003,21/04/2004,2004,11,3398,17
398,2003/0115(COD),27/05/2003,2003,21/04/2004,2004,11,2463,17
399,2003/0119(COD),12/06/2003,2003,29/04/2004,2004,10,11740,10
400,2003/0122(COD),13/06/2003,2003,11/02/2004,2004,8,1332,13
401,2003/0124(COD),11/06/2003,2003,10/03/2004,2004,9,3846,19
402,2003/0126(COD),20/06/2003,2003,31/03/2004,2004,9,4044,8
403,2003/0128(COD),20/06/2003,2003,07/09/2005,2005,27,3670,13
404,2003/0130(COD),20/06/2003,2003,07/09/2005,2005,27,5390,13
405,2003/0134(COD),18/06/2003,2003,11/05/2005,2005,23,12368,12
406,2003/0136(COD),20/06/2003,2003,07/09/2005,2005,27,3227,13
407,2003/0138(COD),17/02/2003,2003,31/03/2004,2004,13,5391,9
408,2003/0139(COD),30/06/2003,2003,14/06/2006,2006,35,35765,10
409,2003/0147(COD),08/07/2003,2003,21/04/2004,2004,9,6949,11
410,2003/0152(COD),27/05/2003,2003,21/04/2004,2004,11,2502,7
411,2003/0153(COD),14/07/2003,2003,05/09/2007,2007,50,19425,12
412,2003/0156(COD),11/07/2003,2003,31/03/2004,2004,8,1478,4
413,2003/0159(COD),06/08/2003,2003,31/03/2004,2004,7,4983,13
414,2003/0162(COD),18/07/2003,2003,27/10/2004,2004,15,8813,24
415,2003/0164(COD),16/07/2003,2003,15/12/2004,2004,17,12825,10
416,2003/0165(COD),16/07/2003,2003,20/12/2006,2006,41,10560,10
417,2003/0167(COD),24/07/2003,2003,13/04/2005,2005,21,4260,12
418,2003/0168(COD),22/07/2003,2003,11/07/2007,2007,48,19847,24
419,2003/0172(COD),01/08/2003,2003,06/07/2005,2005,23,18652,10
420,2003/0173(COD),23/07/2003,2003,27/10/2004,2004,15,9542,10
421,2003/0174(COD),08/08/2003,2003,21/04/2004,2004,8,11514,10
422,2003/0175(COD),02/07/2003,2003,17/05/2006,2006,34,10700,13
423,2003/0176(COD),30/07/2003,2003,21/04/2004,2004,9,3340,21
424,2003/0180(COD),05/08/2003,2003,21/04/2004,2004,8,4339,13
425,2003/0184(COD),31/07/2003,2003,13/04/2005,2005,20,7713,9
426,2003/0189A(COD),11/08/2003,2003,17/05/2006,2006,33,12552,10
427,2003/0189B(COD),11/08/2003,2003,17/05/2006,2006,33,12552,10
428,2003/0198(COD),21/08/2003,2003,06/07/2005,2005,23,5065,19
429,2003/0199(COD),25/08/2003,2003,21/04/2004,2004,8,2153,11
430,2003/0200(COD),20/08/2003,2003,12/01/2005,2005,17,2343,11
431,2003/0204(COD),29/08/2003,2003,31/03/2004,2004,7,1251,11
432,2003/0205(COD),05/09/2003,2003,28/09/2005,2005,24,12879,10
433,2003/0207(COD),29/08/2003,2003,12/12/2006,2006,39,1786,24
434,2003/0210(COD),19/09/2003,2003,12/12/2006,2006,39,4672,10
435,2003/0221(COD),24/09/2003,2003,18/01/2006,2006,28,1506,24
436,2003/0222(COD),25/09/2003,2003,29/04/2004,2004,7,1369,13
437,2003/0226(COD),10/10/2003,2003,26/10/2005,2005,24,2327,13
438,2003/0234(COD),15/10/2003,2003,22/06/2004,2004,8,811,6
439,2003/0242(COD),24/10/2003,2003,06/09/2006,2006,34,13096,10
440,2003/0245(COD),21/10/2003,2003,27/10/2004,2004,12,2354,4
441,2003/0250(COD),21/05/2003,2003,15/12/2004,2004,19,3534,4
442,2003/0252(COD),21/10/2003,2003,20/12/2006,2006,38,14829,13
443,2003/0255(COD),21/10/2003,2003,15/03/2006,2006,29,9090,13
444,2003/0256(COD),29/10/2003,2003,18/12/2006,2006,38,59743,10
445,2003/0257(COD),29/10/2003,2003,18/12/2006,2006,38,1850,10
446,2003/0260(COD),05/11/2003,2003,15/09/2004,2004,10,3830,10
447,2003/0262(COD),10/11/2003,2003,20/12/2006,2006,37,10934,10
448,2003/0263(COD),05/11/2003,2003,09/03/2005,2005,16,10481,8
449,2003/0272(COD),17/11/2003,2003,27/10/2004,2004,11,7009,10
450,2003/0274(COD),17/11/2003,2003,13/04/2005,2005,17,1744,17
451,2003/0277(COD),18/11/2003,2003,26/10/2005,2005,23,6053,18
452,2003/0282(COD),21/11/2003,2003,06/09/2006,2006,34,17238,10
453,2003/0283(COD),27/11/2003,2003,05/04/2006,2006,28,3253,24
454,2003/0285(COD),27/11/2003,2003,18/01/2006,2006,26,1288,24
455,2003/0291(COD),11/12/2003,2003,15/02/2006,2006,26,4582,13
456,2003/0292(COD),08/12/2003,2003,21/07/2004,2004,7,2238,11
457,2003/0293(COD),10/12/2003,2003,17/11/2004,2004,11,885,17
458,2003/0296(COD),16/12/2003,2003,06/07/2005,2005,19,2702,8
459,2003/0297(COD),10/12/2003,2003,06/09/2006,2006,33,7679,11
460,2003/0300(COD),10/12/2003,2003,05/04/2006,2006,28,14029,11
461,2003/0301(COD),10/12/2003,2003,18/01/2006,2006,25,4959,11
462,2003/0302(COD),10/12/2003,2003,28/09/2005,2005,21,5654,11
463,2003/0303(COD),26/03/2003,2003,21/04/2004,2004,13,2448,6
464,2003/0304(COD),10/12/2003,2003,21/04/2004,2004,4,2322,6
465,2003/0305(COD),10/12/2003,2003,21/04/2004,2004,4,1703,6
466,2003/0307(COD),17/12/2003,2003,15/12/2004,2004,12,9026,17
467,2003/0325(COD),13/04/2004,2004,06/07/2005,2005,15,1635,8
468,2003/0333(COD),07/01/2004,2004,15/02/2006,2006,25,2838,18
469,2004/0001(COD),13/01/2004,2004,12/12/2006,2006,35,30581,12
470,2004/0002(COD),19/01/2004,2004,06/09/2006,2006,32,2873,18
471,2004/0017(COD),02/02/2004,2004,12/12/2006,2006,34,1138,18
472,2004/0023(COD),12/03/2004,2004,11/05/2005,2005,14,5029,19
473,2004/0025(COD),13/02/2004,2004,09/03/2005,2005,13,5849,11
474,2004/0031(COD),10/02/2004,2004,26/10/2005,2005,20,5289,13
475,2004/0036(COD),13/02/2004,2004,16/11/2005,2005,21,1983,10
476,2004/0040(COD),23/02/2004,2004,12/01/2005,2005,11,918,4
477,2004/0041(COD),17/02/2004,2004,07/09/2005,2005,19,3825,9
478,2004/0045(COD),24/02/2004,2004,09/03/2005,2005,12,5139,10
479,2004/0047(COD),03/03/2004,2004,23/10/2007,2007,43,4157,13
480,2004/0048(COD),03/03/2004,2004,23/10/2007,2007,43,13323,13
481,2004/0049(COD),03/03/2004,2004,23/10/2007,2007,43,10125,13
482,2004/0053(COD),11/03/2004,2004,26/10/2005,2005,19,9494,10
483,2004/0055(COD),19/03/2004,2004,12/12/2006,2006,33,12057,18
484,2004/0063(COD),16/03/2004,2004,28/09/2005,2005,18,2183,19
485,2004/0065(COD),16/03/2004,2004,17/05/2006,2006,26,13576,18
486,2004/0066(COD),16/03/2004,2004,16/11/2005,2005,20,1722,17
487,2004/0084(COD),21/04/2004,2004,05/07/2006,2006,26,22247,21
488,2004/0097(COD),21/04/2004,2004,16/11/2005,2005,19,29233,8
489,2004/0098(COD),26/04/2004,2004,07/09/2005,2005,16,4469,13
490,2004/0099(COD),26/04/2004,2004,14/12/2005,2005,20,4111,4
491,2004/0111(COD),28/04/2004,2004,26/10/2005,2005,18,1563,10
492,2004/0117(COD),30/04/2004,2004,20/12/2006,2006,32,2220,17
493,2004/0123(COD),25/05/2004,2004,07/09/2005,2005,15,9645,13
494,2004/0127(COD),26/05/2004,2004,15/03/2006,2006,22,23609,19
495,2004/0137(COD),30/06/2004,2004,26/10/2005,2005,16,10413,19
496,2004/0146(COD),12/07/2004,2004,05/04/2006,2006,21,8058,13
497,2004/0150(COD),14/07/2004,2004,12/12/2006,2006,29,6521,17
498,2004/0151(COD),14/07/2004,2004,15/11/2006,2006,28,7599,17
499,2004/0152(COD),14/07/2004,2004,15/11/2006,2006,28,6772,17
500,2004/0153(COD),14/07/2004,2004,15/11/2006,2006,28,13913,17
501,2004/0154(COD),14/07/2004,2004,20/06/2007,2007,35,12812,6
502,2004/0155(COD),14/07/2004,2004,14/06/2006,2006,23,26316,8
503,2004/0156(COD),14/07/2004,2004,09/07/2008,2008,48,3690,11
504,2004/0157(COD),14/07/2004,2004,24/10/2006,2006,27,7867,13
505,2004/0158(COD),14/07/2004,2004,24/10/2006,2006,27,6136,9
506,2004/0159(COD),14/07/2004,2004,14/06/2006,2006,23,12060,8
507,2004/0165(COD),14/07/2004,2004,05/07/2006,2006,24,3575,9
508,2004/0167(COD),13/04/2004,2004,05/07/2006,2006,27,5434,14
509,2004/0168(COD),23/07/2004,2004,14/03/2007,2007,32,2071,14
510,2004/0175(COD),23/07/2004,2004,14/03/2007,2007,32,8614,10
511,2004/0194(COD),19/08/2004,2004,07/09/2005,2005,13,1915,21
512,2004/0202(COD),15/09/2004,2004,26/10/2005,2005,13,537,14
513,2004/0217(COD),29/09/2004,2004,12/12/2006,2006,26,13096,10
514,2004/0218(COD),14/04/2004,2004,25/05/2007,2007,37,5574,10
515,2004/0219(COD),29/09/2004,2004,24/10/2006,2006,25,10406,1
516,2004/0220(COD),01/10/2004,2004,18/10/2006,2006,24,9827,4
517,2004/0223(COD),29/09/2004,2004,15/11/2006,2006,26,10860,1
518,2004/0225(COD),07/10/2004,2004,18/01/2006,2006,15,3224,10
519,2004/0231(COD),07/10/2004,2004,18/01/2006,2006,15,6845,10
520,2004/0237(COD),11/10/2004,2004,05/07/2006,2006,21,5344,10
521,2004/0239(COD),12/10/2004,2004,15/02/2006,2006,16,3073,17
522,2004/0248(COD),25/10/2004,2004,05/09/2007,2007,34,3748,12
523,2004/0250(COD),27/10/2004,2004,14/06/2006,2006,20,4215,18
524,2004/0251(COD),22/10/2004,2004,21/05/2008,2008,43,4561,18
525,2004/0256(COD),29/10/2004,2004,06/09/2006,2006,22,5462,18
526,2004/0258(COD),29/10/2004,2004,17/05/2006,2006,19,4363,5
527,2004/0270(COD),06/12/2004,2004,18/12/2006,2006,24,4148,10
528,2004/0270B(COD),06/12/2004,2004,18/12/2006,2006,24,4148,10
529,2004/0272(COD),07/12/2004,2004,28/09/2005,2005,9,1310,11
530,2004/0284(COD),23/12/2004,2004,05/04/2006,2006,15,3330,9
531,2004/0287(COD),28/12/2004,2004,09/07/2008,2008,42,10475,19
532,2004/0296(COD),11/08/2004,2004,06/09/2006,2006,25,1312,10
533,2005/0004(COD),04/02/2005,2005,07/09/2005,2005,7,924,9
534,2005/0006(COD),23/02/2005,2005,20/12/2006,2006,22,7531,19
535,2005/0007(COD),16/02/2005,2005,05/07/2006,2006,17,8096,13
536,2005/0008(COD),16/02/2005,2005,14/12/2005,2005,10,3186,13
537,2005/0016(COD),15/03/2005,2005,20/06/2007,2007,27,2720,8
538,2005/0017(COD),08/03/2005,2005,20/12/2006,2006,21,7937,21
539,2005/0020(COD),15/03/2005,2005,11/07/2007,2007,28,6445,18
540,2005/0028(COD),15/12/2005,2005,15/01/2008,2008,25,4724,10
541,2005/0032(COD),05/04/2005,2005,20/02/2008,2008,34,3497,8
542,2005/0037A(COD),06/04/2005,2005,25/09/2007,2007,29,10764,21
543,2005/0037B(COD),06/04/2005,2005,25/09/2007,2007,29,10764,19
544,2005/0040(COD),06/04/2005,2005,25/09/2007,2007,29,10764,19
545,2005/0041(COD),06/04/2005,2005,12/12/2006,2006,20,5639,17
546,2005/0042A(COD),06/04/2005,2005,23/04/2007,2007,24,7265,12
547,2005/0042B(COD),06/04/2005,2005,18/12/2006,2006,20,7265,12
548,2005/0043(COD),06/04/2005,2005,18/12/2006,2006,20,3099,11
549,2005/0046(COD),06/04/2005,2005,23/05/2007,2007,25,18184,19
550,2005/0047(COD),06/04/2005,2005,23/05/2007,2007,25,18184,19
551,2005/0049(COD),06/04/2005,2005,23/05/2007,2007,25,18184,19
552,2005/0050(COD),06/04/2005,2005,24/10/2006,2006,18,15097,11
553,2005/0098(COD),25/05/2005,2005,18/12/2006,2006,19,4189,13
554,2005/0100(COD),26/05/2005,2005,16/11/2005,2005,6,864,12
555,2005/0102(COD),30/05/2005,2005,24/10/2006,2006,17,4240,17
556,2005/0104(COD),31/05/2005,2005,20/12/2006,2006,19,3244,19
557,2005/0106(COD),31/05/2005,2005,20/12/2006,2006,19,11111,19
558,2005/0107(COD),01/06/2005,2005,17/05/2006,2006,11,5024,19
559,2005/0111(COD),14/06/2005,2005,05/04/2006,2006,10,2944,8
560,2005/0117(COD),22/06/2005,2005,15/02/2006,2006,8,3156,4
561,2005/0126(COD),07/07/2005,2005,13/11/2007,2007,28,4473,18
562,2005/0138(COD),26/07/2005,2005,15/11/2006,2006,16,6970,19
563,2005/0144(COD),29/07/2005,2005,14/12/2005,2005,5,3130,11
564,2005/0147(COD),03/08/2005,2005,14/12/2005,2005,4,2354,11
565,2005/0149(COD),11/08/2005,2005,14/12/2005,2005,4,4212,10
566,2005/0150(COD),08/08/2005,2005,06/09/2006,2006,13,2395,13
567,2005/0156(COD),10/11/2005,2005,11/07/2007,2007,20,4837,19
568,2005/0157(COD),18/08/2005,2005,24/10/2006,2006,14,3746,19
569,2005/0158(COD),22/08/2005,2005,14/06/2006,2006,10,3253,19
570,2005/0159(COD),22/08/2005,2005,14/06/2006,2006,10,3253,19
571,2005/0166(COD),31/08/2005,2005,12/12/2006,2006,15,8946,19
572,2005/0167(COD),01/09/2005,2005,16/12/2008,2008,39,7212,19
573,2005/0169(COD),07/09/2005,2005,14/12/2005,2005,3,7375,19
574,2005/0179(COD),23/09/2005,2005,18/12/2006,2006,15,3004,17
575,2005/0182(COD),21/09/2005,2005,15/03/2006,2006,6,5578,19
576,2005/0183(COD),21/09/2005,2005,21/05/2008,2008,32,10721,10
577,2005/0191(COD),22/09/2005,2005,11/03/2008,2008,30,6648,13
578,2005/0194(COD),11/10/2005,2005,23/05/2007,2007,19,7144,12
579,2005/0203(COD),05/10/2005,2005,18/12/2006,2006,14,5896,17
580,2005/0211(COD),24/10/2005,2005,17/06/2008,2008,32,8116,10
581,2005/0214(COD),20/10/2005,2005,16/04/2014,2014,102,5526,9
582,2005/0221(COD),10/11/2005,2005,18/12/2006,2006,13,4357,17
583,2005/0223(COD),11/11/2005,2005,18/12/2006,2006,13,3252,16
584,2005/0227(COD),16/11/2005,2005,13/11/2007,2007,24,9292,10
585,2005/0228(COD),15/11/2005,2005,20/02/2008,2008,27,10841,13
586,2005/0236(COD),23/11/2005,2005,23/04/2009,2009,41,10176,13
587,2005/0237A(COD),23/11/2005,2005,23/04/2009,2009,41,13282,13
588,2005/0237B(COD),23/11/2005,2005,23/04/2009,2009,41,13282,13
589,2005/0238(COD),23/11/2005,2005,23/04/2009,2009,41,14497,13
590,2005/0239(COD),23/11/2005,2005,23/04/2009,2009,41,6714,13
591,2005/0240(COD),23/11/2005,2005,23/04/2009,2009,41,7616,13
592,2005/0241(COD),21/12/2005,2005,23/04/2009,2009,40,4607,13
593,2005/0242(COD),23/11/2005,2005,23/04/2009,2009,41,5512,13
594,2005/0244(COD),05/12/2005,2005,12/12/2006,2006,12,1877,10
595,2005/0245(COD),01/12/2005,2005,13/11/2007,2007,23,17878,8
596,2005/0246(COD),30/11/2005,2005,23/04/2008,2008,29,40212,12
597,2005/0247(COD),30/11/2005,2005,15/01/2008,2008,26,5641,12
598,2005/0248(COD),06/12/2005,2005,23/04/2008,2008,28,4149,17
599,2005/0253(COD),14/12/2005,2005,13/11/2007,2007,23,1716,8
600,2005/0258(COD),21/12/2005,2005,18/12/2006,2006,12,3439,9
601,2005/0260(COD),13/12/2005,2005,11/12/2007,2007,24,10145,17
602,2005/0261(COD),15/12/2005,2005,17/06/2008,2008,30,9082,18
603,2005/0263(COD),22/12/2005,2005,05/09/2007,2007,20,7646,10
604,2005/0265(COD),05/01/2006,2006,11/07/2007,2007,18,6604,18
605,2005/0277(COD),23/12/2005,2005,18/12/2006,2006,12,10895,11
606,2005/0281(COD),21/12/2005,2005,19/11/2008,2008,35,9669,10
607,2005/0282(COD),21/12/2005,2005,20/06/2007,2007,18,7312,10
608,2005/0283(COD),21/12/2005,2005,23/04/2009,2009,40,6339,10
609,2006/0004(COD),20/01/2006,2006,25/04/2007,2007,15,2843,9
610,2006/0005(COD),18/01/2006,2006,23/10/2007,2007,21,5808,10
611,2006/0006(COD),31/01/2006,2006,05/06/2009,2009,40,21551,9
612,2006/0008(COD),24/01/2006,2006,05/06/2009,2009,40,2576,9
613,2006/0011(COD),06/02/2006,2006,20/12/2006,2006,10,3684,8
614,2006/0018(COD),21/02/2006,2006,25/09/2007,2007,19,3508,10
615,2006/0020(COD),20/02/2006,2006,11/03/2008,2008,25,7367,8
616,2006/0031(COD),02/03/2006,2006,21/05/2008,2008,26,2941,12
617,2006/0033(COD),01/03/2006,2006,21/12/2006,2006,9,5880,9
618,2006/0042(COD),22/03/2006,2006,11/12/2007,2007,21,4150,8
619,2006/0046(COD),27/03/2006,2006,25/04/2007,2007,13,1532,13
620,2006/0066(COD),04/05/2006,2006,11/12/2007,2007,19,11135,12
621,2006/0067(COD),12/05/2006,2006,12/12/2006,2006,7,2517,18
622,2006/0070(COD),19/05/2006,2006,12/12/2006,2006,7,3522,18
623,2006/0071(COD),19/05/2006,2006,12/12/2006,2006,7,3668,18
624,2006/0073(COD),22/05/2006,2006,12/12/2006,2006,7,3596,18
625,2006/0075(COD),17/05/2006,2006,23/05/2007,2007,12,6057,12
626,2006/0076(COD),17/05/2006,2006,11/12/2007,2007,19,5470,8
627,2006/0084(COD),24/05/2006,2006,11/09/2013,2013,88,8314,7
628,2006/0088(COD),31/05/2006,2006,23/04/2009,2009,35,7249,19
629,2006/0099(COD),09/06/2006,2006,22/04/2009,2009,34,1231,18
630,2006/0112(COD),28/06/2006,2006,20/12/2006,2006,6,673,6
631,2006/0114(COD),28/06/2006,2006,23/07/2007,2007,13,3589,7
632,2006/0116(COD),26/06/2006,2006,20/12/2006,2006,6,7406,1
633,2006/0117(COD),27/06/2006,2006,23/05/2007,2007,11,965,15
634,2006/0127(COD),14/07/2006,2006,20/06/2007,2007,11,6073,9
635,2006/0129(COD),17/07/2006,2006,16/12/2008,2008,29,5946,10
636,2006/0130(COD),18/07/2006,2006,24/09/2008,2008,26,17159,13
637,2006/0132(COD),12/07/2006,2006,21/10/2009,2009,39,9111,10
638,2006/0133(COD),12/07/2006,2006,27/06/2007,2007,11,8197,11
639,2006/0136(COD),12/07/2006,2006,21/10/2009,2009,39,19828,10
640,2006/0140(COD),19/07/2006,2006,11/07/2007,2007,12,8459,19
641,2006/0142(COD),19/07/2006,2006,02/04/2009,2009,32,27449,19
642,2006/0143(COD),28/07/2006,2006,16/12/2008,2008,29,5746,10
643,2006/0144(COD),28/07/2006,2006,16/12/2008,2008,29,7718,18
644,2006/0145(COD),28/07/2006,2006,16/12/2008,2008,29,9481,10
645,2006/0146(COD),01/08/2006,2006,22/10/2008,2008,26,1177,18
646,2006/0147(COD),28/07/2006,2006,16/12/2008,2008,29,8821,10
647,2006/0159(COD),04/09/2006,2006,22/10/2008,2008,25,2551,18
648,2006/0161(COD),05/09/2006,2006,13/07/2009,2009,34,1128,18
649,2006/0163(COD),05/09/2006,2006,23/04/2008,2008,19,6310,9
650,2006/0166(COD),12/09/2006,2006,05/09/2007,2007,12,9683,8
651,2006/0167(COD),10/08/2006,2006,16/11/2011,2011,63,1471,5
652,2006/0170(COD),25/09/2006,2006,15/01/2008,2008,16,6708,18
653,2006/0175(COD),28/09/2006,2006,13/07/2009,2009,34,1239,18
654,2006/0178(COD),29/09/2006,2006,02/06/2007,2007,8,1775,12
655,2006/0180(COD),02/10/2006,2006,23/10/2007,2007,12,2804,9
656,2006/0182(COD),05/10/2006,2006,19/11/2008,2008,25,5889,13
657,2006/0183(COD),05/10/2006,2006,11/07/2007,2007,9,4249,13
658,2006/0187(COD),04/10/2006,2006,15/01/2008,2008,15,5310,11
659,2006/0193(COD),13/10/2006,2006,15/01/2008,2008,15,1289,10
660,2006/0195(COD),13/10/2006,2006,15/01/2008,2008,15,1085,10
661,2006/0196(COD),18/10/2006,2006,20/02/2008,2008,16,10777,13
662,2006/0197(COD),18/10/2006,2006,11/03/2008,2008,17,8479,11
663,2006/0199(COD),18/10/2006,2006,11/03/2008,2008,17,1925,8
664,2006/0206(COD),26/10/2006,2006,22/10/2008,2008,24,4836,10
665,2006/0207(COD),24/10/2006,2006,20/12/2006,2006,2,742,10
666,2006/0209(COD),24/10/2006,2006,20/12/2006,2006,2,1340,13
667,2006/0210(COD),24/10/2006,2006,18/12/2006,2006,2,2480,13
668,2006/0214(COD),03/11/2006,2006,16/09/2009,2009,34,2743,18
669,2006/0216(COD),03/11/2006,2006,15/01/2008,2008,14,1208,18
670,2006/0217(COD),03/11/2006,2006,11/03/2008,2008,16,3241,8
671,2006/0218(COD),13/11/2006,2006,23/04/2008,2008,17,2369,8
672,2006/0219(COD),08/11/2006,2006,13/07/2009,2009,32,1307,18
673,2006/0220(COD),06/11/2006,2006,22/10/2008,2008,23,3095,18
674,2006/0221(COD),06/11/2006,2006,13/07/2009,2009,32,1290,18
675,2006/0222(COD),07/11/2006,2006,30/11/2009,2009,36,5100,18
676,2006/0225(COD),09/11/2006,2006,13/07/2009,2009,32,1196,18
677,2006/0229(COD),16/11/2006,2006,11/12/2007,2007,13,3699,8
678,2006/0236(COD),20/11/2006,2006,11/12/2007,2007,13,5855,12
679,2006/0246(COD),30/11/2006,2006,17/06/2008,2008,19,12670,10
680,2006/0249(COD),30/11/2006,2006,23/05/2007,2007,6,1591,12
681,2006/0258(COD),11/12/2006,2006,25/11/2009,2009,35,4839,10
682,2006/0264(COD),19/12/2006,2006,22/12/2008,2008,24,5711,18
683,2006/0272(COD),13/12/2006,2006,16/12/2008,2008,24,5544,13
684,2006/0273(COD),13/12/2006,2006,17/06/2008,2008,18,18303,13
685,2006/0274(COD),13/12/2006,2006,16/12/2008,2008,24,5619,13
686,2006/0278(COD),22/12/2006,2006,24/09/2008,2008,21,6425,13
687,2006/0279(COD),22/12/2006,2006,11/03/2008,2008,15,751,19
688,2006/0280(COD),22/12/2006,2006,11/03/2008,2008,15,669,8
689,2006/0281(COD),22/12/2006,2006,11/03/2008,2008,15,955,19
690,2006/0282(COD),22/12/2006,2006,11/03/2008,2008,15,1967,8
691,2006/0283(COD),22/12/2006,2006,11/03/2008,2008,15,811,8
692,2006/0284(COD),22/12/2006,2006,11/03/2008,2008,15,897,8
693,2006/0285(COD),22/12/2006,2006,11/03/2008,2008,15,1136,18
694,2006/0286(COD),22/12/2006,2006,09/07/2008,2008,19,3438,16
695,2006/0287(COD),22/12/2006,2006,11/03/2008,2008,15,1038,8
696,2006/0288(COD),22/12/2006,2006,11/03/2008,2008,15,1239,8
697,2006/0289(COD),22/12/2006,2006,11/03/2008,2008,15,679,8
698,2006/0290(COD),22/12/2006,2006,09/07/2008,2008,19,9369,10
699,2006/0291(COD),22/12/2006,2006,11/03/2008,2008,15,771,10
700,2006/0292(COD),22/12/2006,2006,11/03/2008,2008,15,613,8
701,2006/0293(COD),12/12/2006,2006,11/03/2008,2008,15,688,8
702,2006/0294(COD),22/12/2006,2006,11/03/2008,2008,15,2573,10
703,2006/0295(COD),22/12/2006,2006,11/03/2008,2008,15,1016,10
704,2006/0296(COD),22/12/2006,2006,11/03/2008,2008,15,954,10
705,2006/0297(COD),22/12/2006,2006,11/03/2008,2008,15,907,10
706,2006/0298(COD),22/12/2006,2006,11/03/2008,2008,15,680,18
707,2006/0299(COD),22/12/2006,2006,11/03/2008,2008,15,699,8
708,2006/0300(COD),22/12/2006,2006,11/03/2008,2008,15,840,8
709,2006/0301(COD),22/12/2006,2006,11/03/2008,2008,15,1006,8
710,2006/0302(COD),22/12/2006,2006,11/03/2008,2008,15,868,10
711,2006/0303(COD),22/12/2006,2006,11/03/2008,2008,15,637,10
712,2006/0304(COD),20/12/2006,2006,19/11/2008,2008,23,7417,10
713,2006/0305(COD),22/12/2006,2006,11/03/2008,2008,15,1965,8
714,2006/0306(COD),22/12/2006,2006,11/03/2008,2008,15,848,8
715,2006/0307(COD),22/12/2006,2006,11/03/2008,2008,15,1151,10
716,2006/0308(COD),31/12/2006,2006,11/12/2007,2007,11,2209,8
717,2007/0002(COD),10/01/2007,2007,22/10/2008,2008,21,3461,11
718,2007/0013(COD),24/01/2007,2007,11/03/2009,2009,26,5152,13
719,2007/0019(COD),31/01/2007,2007,23/04/2009,2009,27,7360,10
720,2007/0020(COD),07/02/2007,2007,16/12/2008,2008,22,5966,10
721,2007/0022(COD),09/02/2007,2007,19/11/2008,2008,21,5441,18
722,2007/0028(COD),14/02/2007,2007,09/07/2008,2008,17,6291,12
723,2007/0029(COD),14/02/2007,2007,09/07/2008,2008,17,11433,12
724,2007/0030(COD),14/02/2007,2007,09/07/2008,2008,17,12252,12
725,2007/0032(COD),23/02/2007,2007,09/07/2008,2008,16,5039,9
726,2007/0033(COD),12/03/2007,2007,23/04/2008,2008,13,4466,9
727,2007/0035(COD),24/01/2007,2007,13/11/2007,2007,10,1965,18
728,2007/0036(COD),09/03/2007,2007,11/03/2008,2008,12,1077,10
729,2007/0038(COD),13/03/2007,2007,20/02/2008,2008,11,476,14
730,2007/0051(COD),22/03/2007,2007,19/11/2008,2008,20,3408,15
731,2007/0054(COD),30/03/2007,2007,17/06/2008,2008,15,2683,9
732,2007/0064(COD),17/04/2007,2007,06/05/2009,2009,25,7370,10
733,2007/0066(COD),17/04/2007,2007,06/07/2009,2009,27,1338,18
734,2007/0081(COD),07/05/2007,2007,13/07/2009,2009,26,1186,18
735,2007/0084(COD),10/05/2007,2007,19/11/2008,2008,18,4507,15
736,2007/0094(COD),16/05/2007,2007,18/06/2009,2009,25,6596,19
737,2007/0097(COD),23/05/2007,2007,21/10/2009,2009,29,13913,13
738,2007/0098(COD),23/05/2007,2007,21/10/2009,2009,29,12518,13
739,2007/0099(COD),23/05/2007,2007,21/10/2009,2009,29,13999,13
740,2007/0102(COD),04/06/2007,2007,19/11/2008,2008,17,2939,10
741,2007/0107(COD),08/06/2007,2007,27/09/2007,2007,3,1853,18
742,2007/0112(COD),06/06/2007,2007,11/05/2011,2011,47,5330,19
743,2007/0113(COD),07/06/2007,2007,14/01/2009,2009,19,7035,12
744,2007/0116(COD),14/06/2007,2007,09/07/2008,2008,13,5944,11
745,2007/0117(COD),13/06/2007,2007,13/07/2009,2009,25,1224,18
746,2007/0121(COD),27/06/2007,2007,16/12/2008,2008,18,22804,10
747,2007/0128(COD),28/06/2007,2007,15/01/2008,2008,7,1123,10
748,2007/0130(COD),27/06/2007,2007,18/12/2007,2007,6,3820,20
749,2007/0141(COD),16/07/2007,2007,15/01/2008,2008,6,1067,11
750,2007/0143(COD),10/07/2007,2007,25/11/2009,2009,28,107682,8
751,2007/0145(COD),12/07/2007,2007,16/12/2008,2008,17,7760,17
752,2007/0152(COD),23/07/2007,2007,24/11/2010,2010,40,3255,9
753,2007/0156(COD),19/07/2007,2007,16/12/2008,2008,17,3730,8
754,2007/0163(COD),25/07/2007,2007,16/12/2008,2008,17,11284,9
755,2007/0164(COD),25/07/2007,2007,23/04/2009,2009,21,3336,18
756,2007/0166(COD),06/08/2007,2007,13/07/2009,2009,23,1113,12
757,2007/0168(COD),07/08/2007,2007,11/03/2008,2008,7,1689,12
758,2007/0174(COD),22/08/2007,2007,30/06/2008,2008,10,6041,11
759,2007/0184(COD),11/09/2007,2007,17/06/2008,2008,9,618,13
760,2007/0185(COD),11/09/2007,2007,17/06/2008,2008,9,6003,19
761,2007/0186(COD),11/09/2007,2007,17/06/2008,2008,9,6003,19
762,2007/0187(COD),10/09/2007,2007,11/03/2009,2009,18,2553,12
763,2007/0188(COD),12/09/2007,2007,09/07/2008,2008,10,7183,11
764,2007/0195(COD),19/09/2007,2007,13/07/2009,2009,22,18279,11
765,2007/0196(COD),19/09/2007,2007,13/07/2009,2009,22,20147,11
766,2007/0197(COD),19/09/2007,2007,13/07/2009,2009,22,15860,11
767,2007/0198(COD),19/09/2007,2007,13/07/2009,2009,22,14328,11
768,2007/0199(COD),19/09/2007,2007,13/07/2009,2009,22,14519,11
769,2007/0200(COD),02/10/2007,2007,16/12/2008,2008,14,5279,10
770,2007/0201(COD),03/10/2007,2007,14/01/2009,2009,15,6341,13
771,2007/0202(COD),08/10/2007,2007,23/04/2008,2008,6,1207,10
772,2007/0205(COD),11/10/2007,2007,13/07/2009,2009,21,1297,18
773,2007/0212(COD),16/10/2007,2007,16/12/2008,2008,14,4313,10
774,2007/0213(COD),17/10/2007,2007,16/12/2008,2008,14,2333,10
775,2007/0214(COD),10/10/2007,2007,14/01/2009,2009,15,4888,12
776,2007/0216(COD),18/10/2007,2007,28/05/2009,2009,19,2360,19
777,2007/0219(COD),16/10/2007,2007,19/11/2008,2008,13,9849,13
778,2007/0220(COD),16/10/2007,2007,11/03/2009,2009,17,7513,8
779,2007/0225(COD),25/10/2007,2007,30/11/2009,2009,25,3923,18
780,2007/0229(COD),23/10/2007,2007,13/12/2011,2011,50,8617,19
781,2007/0230(COD),26/10/2007,2007,23/04/2008,2008,6,3144,9
782,2007/0233(COD),31/10/2007,2007,02/04/2009,2009,17,6924,5
783,2007/0234(COD),06/11/2007,2007,22/10/2008,2008,11,2617,9
784,2007/0235(COD),31/10/2007,2007,23/04/2009,2009,18,4760,18
785,2007/0243(COD),08/11/2007,2007,14/01/2009,2009,14,5837,13
786,2007/0247(COD),13/11/2007,2007,25/11/2009,2009,24,21210,11
787,2007/0248(COD),13/11/2007,2007,25/11/2009,2009,24,13190,12
788,2007/0249(COD),13/11/2007,2007,25/11/2009,2009,24,19202,11
789,2007/0253(COD),23/11/2007,2007,22/10/2008,2008,11,2229,18
790,2007/0257(COD),23/11/2007,2007,23/04/2009,2009,17,7592,18
791,2007/0259(COD),29/11/2007,2007,06/05/2009,2009,17,4669,18
792,2007/0260(COD),23/11/2007,2007,11/03/2009,2009,16,1612,18
793,2007/0262(COD),23/11/2007,2007,22/10/2008,2008,11,2287,18
794,2007/0264(COD),23/11/2007,2007,11/03/2009,2009,16,1609,18
795,2007/0268(COD),23/11/2007,2007,11/03/2009,2009,16,1650,18
796,2007/0269(COD),06/12/2007,2007,23/04/2009,2009,16,1538,13
797,2007/0270(COD),05/12/2007,2007,13/07/2009,2009,19,1388,18
798,2007/0271(COD),06/12/2007,2007,11/03/2009,2009,15,2019,10
799,2007/0272(COD),06/12/2007,2007,23/04/2009,2009,16,1209,8
800,2007/0278(COD),12/12/2007,2007,21/10/2008,2008,10,5640,9
801,2007/0279(COD),05/12/2007,2007,06/05/2009,2009,17,7739,12
802,2007/0280(COD),05/12/2007,2007,14/01/2009,2009,13,21641,12
803,2007/0282(COD),19/12/2007,2007,22/10/2008,2008,10,607,18
804,2007/0284(COD),20/12/2007,2007,13/07/2009,2009,19,1509,18
805,2007/0286(COD),21/12/2007,2007,24/11/2010,2010,35,39895,10
806,2007/0288(COD),21/12/2007,2007,06/05/2009,2009,17,2265,18
807,2007/0291(COD),01/06/2007,2007,24/09/2008,2008,15,1473,11
808,2007/0292(COD),21/12/2007,2007,18/06/2009,2009,18,4067,18
809,2007/0293(COD),19/12/2007,2007,11/03/2009,2009,15,1775,18
810,2007/0295(COD),21/12/2007,2007,18/06/2009,2009,18,6631,10
811,2007/0297(COD),19/12/2007,2007,23/04/2009,2009,16,8783,10
812,2008/0001(COD),11/01/2008,2008,23/04/2009,2009,15,1492,18
813,2008/0003(COD),16/01/2008,2008,06/05/2009,2009,16,4180,18
814,2008/0005(COD),11/01/2008,2008,14/01/2009,2009,12,4945,18
815,2008/0008(COD),29/01/2008,2008,13/07/2009,2009,18,1972,18
816,2008/0009(COD),29/01/2008,2008,05/04/2011,2011,38,5521,18
817,2008/0013(COD),23/01/2008,2008,23/04/2009,2009,15,13920,10
818,2008/0014(COD),23/01/2008,2008,23/04/2009,2009,15,5316,10
819,2008/0015(COD),23/01/2008,2008,23/04/2009,2009,15,11219,10
820,2008/0016(COD),23/01/2008,2008,23/04/2009,2009,15,16244,11
821,2008/0018(COD),25/01/2008,2008,18/06/2009,2009,17,14346,12
822,2008/0019(COD),28/01/2008,2008,23/04/2009,2009,15,3368,18
823,2008/0021(COD),30/01/2008,2008,16/09/2009,2009,20,1717,18
824,2008/0022(COD),31/01/2008,2008,16/09/2009,2009,20,4503,18
825,2008/0023(COD),07/02/2008,2008,16/12/2008,2008,10,1820,17
826,2008/0024(COD),07/02/2008,2008,16/12/2008,2008,10,1756,17
827,2008/0025(COD),08/02/2008,2008,16/12/2008,2008,10,1429,17
828,2008/0026(COD),07/02/2008,2008,11/03/2009,2009,13,4793,8
829,2008/0028(COD),30/01/2008,2008,25/10/2011,2011,45,15885,10
830,2008/0029(COD),07/02/2008,2008,16/12/2008,2008,10,1753,17
831,2008/0030(COD),06/02/2008,2008,11/03/2009,2009,13,1361,10
832,2008/0032(COD),11/02/2008,2008,18/06/2009,2009,16,1876,18
833,2008/0033(COD),14/02/2008,2008,06/05/2009,2009,15,2545,10
834,2008/0035(COD),05/02/2008,2008,30/11/2009,2009,21,17024,10
835,2008/0038(COD),26/02/2008,2008,19/11/2008,2008,9,1107,10
836,2008/0041(COD),22/02/2008,2008,14/01/2009,2009,11,4440,19
837,2008/0042(COD),26/02/2008,2008,23/04/2009,2009,14,3108,10
838,2008/0044(COD),29/02/2008,2008,06/05/2009,2009,14,2802,18
839,2008/0045(COD),04/03/2008,2008,18/06/2009,2009,15,4363,10
840,2008/0047(COD),27/02/2008,2008,16/12/2008,2008,10,6015,19
841,2008/0049(COD),27/02/2008,2008,16/09/2009,2009,19,12108,18
842,2008/0050(COD),03/03/2008,2008,13/07/2009,2009,16,10673,15
843,2008/0055(COD),11/03/2008,2008,21/10/2009,2009,19,3262,13
844,2008/0060(COD),27/03/2008,2008,23/04/2009,2009,13,3035,18
845,2008/0062(COD),19/03/2008,2008,25/10/2011,2011,43,6252,13
846,2008/0064(COD),28/03/2008,2008,16/12/2008,2008,9,3838,17
847,2008/0069(COD),09/04/2008,2008,18/06/2009,2009,14,5034,9
848,2008/0070(COD),09/04/2008,2008,18/06/2009,2009,14,5243,9
849,2008/0076(COD),17/04/2008,2008,16/09/2009,2009,17,5498,18
850,2008/0079(COD),21/04/2008,2008,18/06/2009,2009,14,3024,15
851,2008/0081(COD),16/04/2008,2008,19/11/2008,2008,7,1650,10
852,2008/0082(COD),23/04/2008,2008,06/05/2009,2009,12,6357,8
853,2008/0084(COD),17/04/2008,2008,18/06/2009,2009,14,3465,18
854,2008/0098(COD),23/05/2008,2008,09/03/2011,2011,34,15993,12
855,2008/0099(COD),26/05/2008,2008,25/11/2009,2009,18,1155,18
856,2008/0100(COD),23/05/2008,2008,13/07/2009,2009,14,9323,12
857,2008/0109(COD),09/06/2008,2008,16/09/2009,2009,15,1843,18
858,2008/0110(COD),10/06/2008,2008,21/10/2009,2009,16,21522,10
859,2008/0122(COD),23/06/2008,2008,18/06/2009,2009,12,6022,19
860,2008/0123(COD),13/06/2008,2008,23/04/2009,2009,10,3794,18
861,2008/0126(COD),17/06/2008,2008,06/04/2009,2009,10,5022,18
862,2008/0127(COD),25/06/2008,2008,21/10/2009,2009,16,6967,13
863,2008/0128(COD),25/06/2008,2008,21/10/2009,2009,16,8760,13
864,2008/0141(COD),02/07/2008,2008,06/05/2009,2009,10,12105,9
865,2008/0142(COD),02/07/2008,2008,09/03/2011,2011,32,19880,10
866,2008/0147(COD),08/07/2008,2008,27/09/2011,2011,38,10800,13
867,2008/0149(COD),18/07/2008,2008,16/12/2008,2008,5,4873,4
868,2008/0151(COD),16/07/2008,2008,21/10/2009,2009,15,12408,10
869,2008/0152(COD),16/07/2008,2008,25/11/2009,2009,16,5515,10
870,2008/0153(COD),16/07/2008,2008,13/01/2009,2009,6,40504,8
871,2008/0154(COD),16/07/2008,2008,25/11/2009,2009,16,14406,10
872,2008/0157(COD),16/07/2008,2008,27/09/2011,2011,38,9273,24
873,2008/0160(COD),23/07/2008,2008,05/05/2009,2009,9,8608,12
874,2008/0165(COD),01/08/2008,2008,25/03/2009,2009,7,2592,10
875,2008/0172(COD),05/09/2008,2008,21/10/2009,2009,13,5125,12
876,2008/0182(COD),24/09/2008,2008,16/09/2009,2009,12,6450,18
877,2008/0183(COD),17/09/2008,2008,15/02/2012,2012,41,3420,15
878,2008/0185(COD),29/09/2008,2008,16/09/2009,2009,12,6700,11
879,2008/0187(COD),23/09/2008,2008,18/06/2009,2009,9,10478,11
880,2008/0188(COD),07/10/2008,2008,16/09/2009,2009,11,3262,10
881,2008/0190(COD),09/10/2008,2008,16/09/2009,2009,11,7722,8
882,2008/0191(COD),01/10/2008,2008,06/05/2009,2009,7,15720,8
883,2008/0192(COD),03/10/2008,2008,07/07/2010,2010,21,7131,21
884,2008/0194(COD),13/10/2008,2008,16/09/2009,2009,11,5554,8
885,2008/0196(COD),08/10/2008,2008,25/10/2011,2011,36,15008,12
886,2008/0198(COD),17/10/2008,2008,20/10/2010,2010,24,7528,10
887,2008/0199(COD),15/10/2008,2008,11/03/2009,2009,5,3213,8
888,2008/0201(COD),30/10/2008,2008,02/04/2009,2009,5,3866,11
889,2008/0211(COD),05/11/2008,2008,22/09/2010,2010,22,14837,15
890,2008/0213(COD),17/11/2008,2008,30/11/2009,2009,12,2121,18
891,2008/0214(COD),19/11/2008,2008,06/05/2009,2009,6,4662,11
892,2008/0217(COD),12/11/2008,2008,13/05/2009,2009,6,11690,8
893,2008/0221(COD),13/11/2008,2008,25/11/2009,2009,12,5960,11
894,2008/0222(COD),13/11/2008,2008,19/05/2010,2010,18,7865,11
895,2008/0223(COD),13/11/2008,2008,19/05/2010,2010,18,12094,11
896,2008/0227(COD),03/12/2008,2008,09/03/2011,2011,27,2340,12
897,2008/0229(COD),04/12/2008,2008,21/10/2009,2009,10,3188,10
898,2008/0230(COD),03/12/2008,2008,16/09/2009,2009,9,6393,11
899,2008/0232(COD),26/11/2008,2008,06/05/2009,2009,5,1492,9
900,2008/0237(COD),04/12/2008,2008,16/02/2011,2011,26,10343,13
901,2008/0238(COD),08/12/2008,2008,07/07/2010,2010,19,7660,10
902,2008/0239(COD),10/12/2008,2008,16/09/2009,2009,9,3214,13
903,2008/0240(COD),03/12/2008,2008,08/06/2011,2011,30,9388,10
904,2008/0241(COD),03/12/2008,2008,04/07/2012,2012,43,13647,10
905,2008/0242(COD),03/12/2008,2008,26/06/2013,2013,54,15611,19
906,2008/0243(COD),03/12/2008,2008,26/06/2013,2013,54,21176,19
907,2008/0244(COD),03/12/2008,2008,26/06/2013,2013,54,11229,19
908,2008/0245(COD),03/12/2008,2008,06/05/2009,2009,5,1689,14
909,2008/0246(COD),04/12/2008,2008,24/11/2010,2010,23,10167,13
910,2008/0247(COD),11/12/2008,2008,22/09/2010,2010,21,8001,13
911,2008/0249(COD),16/12/2008,2008,16/11/2011,2011,35,1539,5
912,2008/0257(COD),10/12/2008,2008,15/12/2010,2010,24,10936,10
913,2008/0258(COD),09/01/2009,2009,21/10/2009,2009,9,6468,17
914,2008/0259(COD),23/12/2008,2008,13/07/2009,2009,7,5703,18
915,2008/0260(COD),10/12/2008,2008,15/12/2010,2010,24,16386,10
916,2008/0261(COD),10/12/2008,2008,08/06/2011,2011,30,5542,10
917,2008/0263(COD),16/12/2008,2008,07/07/2010,2010,19,6108,13
918,2008/0267(COD),16/12/2008,2008,18/06/2009,2009,6,3920,9
919,2008/0268(COD),14/01/2009,2009,13/07/2009,2009,6,6454,6
920,2009/0001(COD),23/01/2009,2009,16/09/2009,2009,8,6609,8
921,2009/0005(COD),21/01/2009,2009,20/10/2010,2010,21,4685,13
922,2009/0006(COD),30/01/2009,2009,27/09/2011,2011,32,6239,12
923,2009/0010(COD),28/01/2009,2009,13/07/2009,2009,6,6729,11
924,2009/0026(COD),18/02/2009,2009,19/05/2010,2010,15,1767,19
925,2009/0027(COD),18/02/2009,2009,19/05/2010,2010,15,11610,19
926,2009/0028(COD),27/02/2009,2009,25/03/2010,2010,13,4088,19
927,2009/0035(COD),26/02/2009,2009,14/03/2012,2012,37,3149,24
928,2009/0037(COD),28/04/2009,2009,30/11/2009,2009,7,5909,18
929,2009/0042(COD),10/03/2009,2009,18/06/2009,2009,3,1945,13
930,2009/0043(COD),20/03/2009,2009,30/11/2009,2009,8,3613,18
931,2009/0047(COD),24/03/2009,2009,22/09/2010,2010,18,4257,11
932,2009/0051(COD),02/04/2009,2009,15/12/2010,2010,20,9902,16
933,2009/0054(COD),08/04/2009,2009,16/02/2011,2011,22,8849,12
934,2009/0056(COD),21/04/2009,2009,10/03/2010,2010,11,16436,18
935,2009/0059(COD),21/04/2009,2009,13/12/2011,2011,32,1550,5
936,2009/0060A(COD),21/04/2009,2009,13/12/2011,2011,32,1171,4
937,2009/0060B(COD),21/04/2009,2009,13/12/2011,2011,32,1171,1
938,2009/0064(COD),30/04/2009,2009,08/06/2011,2011,25,19730,8
939,2009/0070(COD),20/05/2009,2009,22/09/2010,2010,16,6619,11
940,2009/0076(COD),12/06/2009,2009,22/05/2012,2012,35,33440,10
941,2009/0077(COD),16/06/2009,2009,19/05/2010,2010,11,3069,15
942,2009/0089(COD),24/06/2009,2009,25/10/2011,2011,28,12630,19
943,2009/0091(COD),02/07/2009,2009,25/03/2010,2010,8,1427,9
944,2009/0096(COD),02/07/2009,2009,25/03/2010,2010,8,2900,9
945,2009/0098(COD),08/07/2009,2009,05/04/2011,2011,21,4675,19
946,2009/0099(COD),13/07/2009,2009,24/11/2010,2010,16,7286,8
947,2009/0105(COD),17/07/2009,2009,19/05/2010,2010,10,2482,14
948,2009/0107(COD),22/07/2009,2009,16/06/2010,2010,11,6966,14
949,2009/0108(COD),16/07/2009,2009,20/10/2010,2010,15,7178,11
950,2009/0110(COD),27/07/2009,2009,07/07/2010,2010,11,47,13
951,2009/0116(COD),03/08/2009,2009,07/07/2010,2010,11,3233,16
952,2009/0127(COD),02/09/2009,2009,29/03/2012,2012,30,2999,19
953,2009/0128(COD),11/09/2009,2009,15/12/2010,2010,15,3592,8
954,2009/0129(COD),16/09/2009,2009,13/12/2011,2011,27,4899,16
955,2009/0131(COD),18/09/2009,2009,16/06/2010,2010,9,10474,13
956,2009/0132(COD),23/09/2009,2009,24/11/2010,2010,14,8196,8
957,2009/0138(COD),02/10/2009,2009,07/07/2010,2010,9,2154,15
958,2009/0140(COD),23/09/2009,2009,24/11/2010,2010,14,7222,8
959,2009/0142(COD),23/09/2009,2009,24/11/2010,2010,14,20472,8
960,2009/0143(COD),23/09/2009,2009,24/11/2010,2010,14,20830,8
961,2009/0144(COD),23/09/2009,2009,24/11/2010,2010,14,21015,8
962,2009/0146(COD),07/10/2009,2009,19/05/2010,2010,7,1253,10
963,2009/0153(COD),15/10/2009,2009,09/03/2011,2011,17,2875,16
964,2009/0157(COD),14/10/2009,2009,04/07/2012,2012,33,11495,24
965,2009/0161(COD),26/10/2009,2009,24/11/2010,2010,13,15329,8
966,2009/0162(COD),29/10/2009,2009,07/07/2010,2010,8,3206,5
967,2009/0163(COD),29/10/2009,2009,16/06/2010,2010,8,983,1
968,2009/0164(COD),21/10/2009,2009,13/12/2011,2011,26,14657,19
969,2009/0165(COD),21/10/2009,2009,26/06/2013,2013,44,23306,19
970,2009/0169(COD),29/10/2009,2009,22/09/2010,2010,11,7602,11
971,2009/0170(COD),29/10/2009,2009,20/10/2010,2010,12,8187,13
972,2009/0173(COD),30/09/2009,2009,31/05/2011,2011,20,9915,10
973,2010/0004(COD),05/02/2010,2010,15/12/2010,2010,10,3080,14
974,2010/0032(COD),09/02/2010,2010,11/05/2011,2011,15,2811,5
975,2010/0036(COD),22/02/2010,2010,13/12/2011,2011,22,2313,5
976,2010/0039(COD),24/02/2010,2010,25/10/2011,2011,20,11176,19
977,2010/0041(COD),08/03/2010,2010,24/11/2010,2010,8,2848,13
978,2010/0044(COD),09/03/2010,2010,16/11/2011,2011,20,6640,17
979,2010/0051(COD),09/03/2010,2010,16/02/2011,2011,11,4312,18
980,2010/0054(COD),24/02/2010,2010,24/11/2010,2010,9,3569,6
981,2010/0056(COD),17/03/2010,2010,09/03/2011,2011,12,1391,5
982,2010/0059(COD),17/03/2010,2010,13/12/2011,2011,21,1662,4
983,2010/0063(COD),29/03/2010,2010,06/07/2011,2011,15,5723,13
984,2010/0064(COD),29/03/2010,2010,13/12/2011,2011,21,9371,19
985,2010/0065(COD),29/03/2010,2010,05/04/2011,2011,12,8708,19
986,2010/0073(COD),09/04/2010,2010,06/07/2011,2011,15,5407,10
987,2010/0074(COD),31/03/2010,2010,16/02/2011,2011,11,7028,20
988,2010/0080(COD),29/04/2010,2010,06/07/2011,2011,14,4098,16
989,2010/0101(COD),21/04/2010,2010,25/10/2011,2011,18,7765,6
990,2010/0110(COD),05/05/2010,2010,05/04/2011,2011,11,5401,18
991,2010/0133(COD),21/05/2010,2010,13/12/2011,2011,19,4905,15
992,2010/0137(COD),27/05/2010,2010,24/11/2010,2010,6,2657,19
993,2010/0140(COD),14/04/2010,2010,11/05/2011,2011,13,1905,5
994,2010/0147(COD),31/05/2010,2010,14/03/2012,2012,21,7160,5
995,2010/0150(COD),31/05/2010,2010,15/12/2010,2010,7,2969,11
996,2010/0160(COD),02/06/2010,2010,11/05/2011,2011,11,13148,8
997,2010/0162(COD),09/06/2010,2010,20/10/2010,2010,4,2947,5
998,2010/0171(COD),11/03/2010,2010,24/11/2010,2010,8,5568,18
999,2010/0175(COD),22/06/2010,2010,15/12/2010,2010,6,791,16
1000,2010/0183(COD),24/06/2010,2010,15/12/2010,2010,6,1554,15
1001,2010/0192(COD),05/07/2010,2010,15/12/2010,2010,5,2549,19
1002,2010/0195(COD),07/07/2010,2010,16/11/2011,2011,16,2312,10
1003,2010/0197(COD),07/07/2010,2010,12/12/2012,2012,29,5719,5
1004,2010/0204(COD),14/07/2010,2010,16/11/2011,2011,16,10566,8
1005,2010/0207(COD),12/07/2010,2010,16/04/2014,2014,45,13504,8
1006,2010/0208(COD),13/07/2010,2010,11/03/2015,2015,56,4865,10
1007,2010/0209(COD),13/07/2010,2010,15/05/2014,2014,46,11350,19
1008,2010/0210(COD),13/07/2010,2010,26/02/2014,2014,43,8726,19
1009,2010/0212(COD),23/07/2010,2010,05/02/2013,2013,30,20940,12
1010,2010/0214(COD),27/07/2010,2010,15/12/2010,2010,5,1180,5
1011,2010/0215(COD),20/07/2010,2010,22/05/2012,2012,22,7705,19
1012,2010/0232(COD),16/08/2010,2010,16/11/2011,2011,15,9600,8
1013,2010/0242(COD),06/09/2010,2010,14/09/2011,2011,12,3839,9
1014,2010/0246(COD),20/09/2010,2010,15/01/2013,2013,28,6611,19
1015,2010/0250(COD),15/09/2010,2010,04/07/2012,2012,22,24312,8
1016,2010/0251(COD),15/09/2010,2010,14/03/2012,2012,18,16733,8
1017,2010/0252(COD),20/09/2010,2010,14/03/2012,2012,18,7121,11
1018,2010/0253(COD),17/09/2010,2010,21/11/2012,2012,26,24558,13
1019,2010/0254(COD),21/09/2010,2010,19/04/2012,2012,19,1811,10
1020,2010/0255(COD),23/09/2010,2010,08/06/2011,2011,9,1004,16
1021,2010/0256(COD),24/09/2010,2010,13/03/2013,2013,30,9912,15
1022,2010/0257(COD),29/09/2010,2010,30/11/2011,2011,14,5342,13
1023,2010/0258(COD),24/09/2010,2010,18/01/2012,2012,16,2707,13
1024,2010/0259(COD),24/09/2010,2010,13/12/2011,2011,15,1725,18
1025,2010/0262(COD),27/09/2010,2010,29/03/2012,2012,18,2485,5
1026,2010/0271(COD),04/10/2010,2010,15/01/2013,2013,27,27933,12
1027,2010/0272(COD),06/10/2010,2010,14/09/2011,2011,11,1818,5
1028,2010/0273(COD),30/09/2010,2010,12/08/2013,2013,34,6424,19
1028,2010/0274(COD),30/09/2010,2010,08/06/2011,2011,8,1250,11
1029,2010/0275(COD),30/09/2010,2010,21/05/2013,2013,32,12311,11
1030,2010/0278(COD),07/10/2010,2010,16/11/2011,2011,13,5340,8
1031,2010/0279(COD),07/10/2010,2010,16/11/2011,2011,13,4527,8
1032,2010/0280(COD),07/10/2010,2010,16/11/2011,2011,13,6745,8
1033,2010/0281(COD),07/10/2010,2010,16/11/2011,2011,13,5506,8
1034,2010/0282(COD),08/10/2010,2010,25/10/2011,2011,12,6640,11
1035,2010/0289(COD),07/10/2010,2010,25/10/2012,2012,24,2734,5
1036,2010/0298(COD),04/11/2010,2010,14/03/2012,2012,16,3709,10
1038,2010/0301(COD),27/10/2010,2010,14/09/2011,2011,11,1885,10
1039,2010/0303(COD),28/10/2010,2010,15/01/2013,2013,27,7939,13
1040,2010/0318(COD),10/11/2010,2010,08/06/2011,2011,7,1478,5
1041,2010/0325(COD),12/11/2010,2010,25/10/2011,2011,11,4224,19
1042,2010/0326(COD),26/01/2011,2011,14/03/2012,2012,14,2451,15
1043,2010/0353(COD),10/12/2010,2010,21/11/2012,2012,23,16396,15
1044,2010/0362(COD),09/12/2010,2010,14/03/2012,2012,15,6493,15
1045,2010/0363(COD),08/12/2010,2010,25/10/2011,2011,10,7836,11
1046,2010/0367(COD),16/12/2010,2010,16/11/2011,2011,11,967,5
1047,2010/0368(COD),20/12/2010,2010,16/11/2011,2011,11,1917,15
1048,2010/0369(COD),21/12/2010,2010,16/11/2011,2011,11,1712,5
1049,2010/0370(COD),17/12/2010,2010,13/03/2013,2013,27,6278,15
1050,2010/0372(COD),22/12/2010,2010,16/11/2011,2011,11,1236,15
1051,2010/0373(COD),16/12/2010,2010,14/03/2012,2012,15,9434,8
1052,2010/0374(COD),20/12/2010,2010,21/05/2013,2013,29,4302,8
1053,2010/0377(COD),21/12/2010,2010,04/07/2012,2012,18,15048,10
1054,2010/0380(COD),20/12/2010,2010,22/05/2012,2012,17,6041,9
1055,2010/0383(COD),14/12/2010,2010,12/12/2012,2012,24,23716,24
1056,2010/0390(COD),13/01/2011,2011,12/08/2013,2013,31,4677,5
1057,2010/0395(COD),22/12/2010,2010,25/10/2012,2012,22,39908,6
1058,2010/0801(COD),22/01/2010,2010,20/10/2010,2010,9,2543,19
1059,2010/0802(COD),22/01/2010,2010,13/12/2011,2011,23,3549,21
1060,2010/0817(COD),21/05/2010,2010,03/04/2014,2014,46,8557,19
1061,2011/0001(COD),03/01/2011,2011,14/09/2011,2011,8,2569,12
1062,2011/0002(COD),13/01/2011,2011,16/11/2011,2011,10,2609,10
1063,2011/0006(COD),19/01/2011,2011,16/04/2014,2014,39,19028,8
1064,2011/0011(COD),01/02/2011,2011,25/10/2012,2012,20,11981,24
1065,2011/0014(COD),02/02/2011,2011,16/11/2011,2011,9,2602,8
1066,2011/0038(COD),24/02/2011,2011,13/06/2012,2012,16,6151,24
1067,2011/0039(COD),07/03/2011,2011,15/01/2014,2014,34,5036,5
1068,2011/0051(COD),10/03/2011,2011,26/06/2013,2013,27,7122,19
1069,2011/0062(COD),31/03/2011,2011,04/02/2014,2014,34,18653,8
1070,2011/0080(COD),12/04/2011,2011,13/12/2011,2011,8,5102,18
1071,2011/0093(COD),13/04/2011,2011,17/12/2012,2012,20,9818,24
1072,2011/0105(COD),05/05/2011,2011,04/07/2012,2012,14,14599,10
1073,2011/0117(COD),10/05/2011,2011,25/10/2012,2012,17,10747,5
1074,2011/0129(COD),18/05/2011,2011,25/10/2012,2012,17,10798,19
1075,2011/0130(COD),18/05/2011,2011,12/06/2013,2013,25,6833,24
1076,2011/0131(COD),25/05/2011,2011,04/07/2012,2012,13,1476,8
1077,2011/0135(COD),24/05/2011,2011,19/04/2012,2012,11,5588,24
1078,2011/0136(COD),24/05/2011,2011,25/10/2012,2012,17,4408,24
1079,2011/0137(COD),24/05/2011,2011,12/06/2013,2013,25,11361,12
1080,2011/0138(COD),24/05/2011,2011,11/12/2013,2013,31,6932,19
1081,2011/0144(COD),08/06/2011,2011,13/06/2012,2012,12,4576,16
1082,2011/0150(COD),01/06/2011,2011,25/10/2012,2012,16,10737,12
1083,2011/0152(COD),14/06/2011,2011,26/06/2013,2013,24,9181,9
1084,2011/0153(COD),15/06/2011,2011,15/01/2014,2014,31,4237,5
1085,2011/0154(COD),08/06/2011,2011,22/10/2013,2013,28,8764,19
1086,2011/0156(COD),20/06/2011,2011,12/06/2013,2013,24,10232,10
1087,2011/0169(COD),24/06/2011,2011,22/05/2012,2012,11,2259,5
1088,2011/0172(COD),22/06/2011,2011,25/10/2012,2012,16,14058,11
1089,2011/0187(COD),06/07/2011,2011,13/06/2012,2012,11,17109,11
1090,2011/0190(COD),15/07/2011,2011,21/11/2012,2012,16,7525,10
1091,2011/0193(COD),20/07/2011,2011,15/02/2012,2012,7,1531,1
1092,2011/0194(COD),13/07/2011,2011,11/12/2013,2013,29,8451,16
1093,2011/0195(COD),13/07/2011,2011,11/12/2013,2013,29,15363,16
1094,2011/0196(COD),19/07/2011,2011,04/02/2014,2014,31,11922,13
1095,2011/0197(COD),26/07/2011,2011,20/11/2013,2013,28,19204,12
1096,2011/0199(COD),27/07/2011,2011,13/12/2011,2011,5,2131,19
1097,2011/0202(COD),20/07/2011,2011,26/06/2013,2013,23,176228,8
1098,2011/0203(COD),20/07/2011,2011,26/06/2013,2013,23,50733,8
1099,2011/0204(COD),25/07/2011,2011,15/05/2014,2014,34,13727,24
1100,2011/0209(COD),01/08/2011,2011,19/12/2011,2011,4,2862,15
1101,2011/0210(COD),01/08/2011,2011,13/12/2011,2011,4,4425,14
1102,2011/0211(COD),01/08/2011,2011,13/12/2011,2011,4,3181,14
1103,2011/0212(COD),01/08/2011,2011,19/04/2012,2012,8,3508,16
1104,2011/0217(COD),11/08/2011,2011,21/11/2012,2012,15,6360,19
1105,2011/0223(COD),30/08/2011,2011,15/02/2012,2012,6,2052,19
1106,2011/0226(COD),29/08/2011,2011,25/10/2012,2012,14,8112,12
1107,2011/0228(COD),30/08/2011,2011,15/05/2014,2014,33,828,10
1108,2011/0229(COD),30/08/2011,2011,15/05/2014,2014,33,6313,10
1109,2011/0231(COD),31/08/2011,2011,26/02/2014,2014,30,8387,10
1110,2011/0238(COD),07/09/2011,2011,25/10/2012,2012,13,4932,11
1111,2011/0239(COD),14/09/2011,2011,21/11/2012,2012,14,8824,13
1112,2011/0242(COD),16/09/2011,2011,22/10/2013,2013,25,4417,19
1113,2011/0243(COD),23/09/2011,2011,13/06/2012,2012,9,4185,13
1114,2011/0260(COD),30/09/2011,2011,21/05/2013,2013,20,1766,5
1115,2011/0262(COD),03/10/2011,2011,15/01/2013,2013,15,4566,5
1116,2011/0263(COD),03/10/2011,2011,15/01/2013,2013,15,4700,5
1117,2011/0268(COD),06/10/2011,2011,17/12/2013,2013,26,6750,9
1118,2011/0269(COD),06/10/2011,2011,17/12/2013,2013,26,11007,9
1119,2011/0270(COD),06/10/2011,2011,11/12/2013,2013,26,7911,9
1120,2011/0272(COD),06/10/2011,2011,17/12/2013,2013,26,6908,14
1121,2011/0273(COD),06/10/2011,2011,17/12/2013,2013,26,11385,14
1122,2011/0274(COD),06/10/2011,2011,17/12/2013,2013,26,2815,14
1123,2011/0275(COD),06/10/2011,2011,17/12/2013,2013,26,5624,14
1124,2011/0276(COD),06/10/2011,2011,17/12/2013,2013,26,44763,14
1125,2011/0280(COD),12/10/2011,2011,17/12/2013,2013,26,21939,15
1126,2011/0281(COD),12/10/2011,2011,17/12/2013,2013,26,45391,15
1127,2011/0282(COD),12/10/2011,2011,17/12/2013,2013,26,32085,15
1128,2011/0283(COD),12/10/2011,2011,22/05/2012,2012,7,3547,14
1129,2011/0285(COD),12/10/2011,2011,25/10/2012,2012,12,3429,15
1130,2011/0286(COD),12/10/2011,2011,11/07/2012,2012,9,4172,15
1131,2011/0288(COD),12/10/2011,2011,17/12/2013,2013,26,32924,15
1132,2011/0294(COD),19/10/2011,2011,11/12/2013,2013,26,14530,13
1133,2011/0295(COD),20/10/2011,2011,16/04/2014,2014,30,21194,8
1134,2011/0296(COD),20/10/2011,2011,15/05/2014,2014,31,25078,8
1135,2011/0297(COD),20/10/2011,2011,16/04/2014,2014,30,4580,8
1136,2011/0298(COD),20/10/2011,2011,15/05/2014,2014,31,65152,8
1137,2011/0299(COD),19/10/2011,2011,11/03/2014,2014,29,5405,11
1138,2011/0300(COD),19/10/2011,2011,17/04/2013,2013,18,12930,11
1139,2011/0301(COD),19/10/2011,2011,11/07/2012,2012,9,5280,6
1140,2011/0302(COD),19/10/2011,2011,11/12/2013,2013,26,14752,13
1141,2011/0307(COD),25/10/2011,2011,22/10/2013,2013,24,9029,24
1142,2011/0308(COD),25/10/2011,2011,26/06/2013,2013,20,25552,24
1143,2011/0309(COD),27/10/2011,2011,12/06/2013,2013,20,14995,11
1144,2011/0310(COD),07/11/2011,2011,16/04/2014,2014,29,2389,5
1145,2011/0315(COD),09/11/2011,2011,13/06/2012,2012,7,575,5
1146,2011/0339(COD),09/11/2011,2011,11/03/2014,2014,28,9569,10
1147,2011/0340(COD),09/11/2011,2011,26/02/2014,2014,27,6903,12
1148,2011/0341A(COD),09/11/2011,2011,11/12/2013,2013,25,8489,12
1149,2011/0341B(COD),09/11/2011,2011,11/12/2013,2013,25,8489,8
1150,2011/0344(COD),15/11/2011,2011,17/12/2013,2013,25,6067,19
1151,2011/0349(COD),21/11/2011,2011,26/02/2014,2014,27,17901,12
1152,2011/0350(COD),21/11/2011,2011,26/02/2014,2014,27,17647,12
1153,2011/0351(COD),21/11/2011,2011,26/02/2014,2014,27,15925,12
1154,2011/0352(COD),21/11/2011,2011,26/02/2014,2014,27,15559,12
1155,2011/0353(COD),21/11/2011,2011,26/02/2014,2014,27,20700,12
1156,2011/0354(COD),21/11/2011,2011,26/02/2014,2014,27,19895,12
1157,2011/0356(COD),21/11/2011,2011,26/02/2014,2014,27,18000,12
1158,2011/0357(COD),21/11/2011,2011,26/02/2014,2014,27,10954,12
1159,2011/0358(COD),21/11/2011,2011,26/02/2014,2014,27,18496,12
1160,2011/0359(COD),30/11/2011,2011,16/04/2014,2014,29,32340,24
1161,2011/0360(COD),15/11/2011,2011,21/05/2013,2013,18,3055,8
1162,2011/0361(COD),15/11/2011,2011,21/05/2013,2013,18,15591,8
1163,2011/0364(COD),21/11/2011,2011,12/06/2013,2013,19,1497,16
1164,2011/0365(COD),15/11/2011,2011,16/04/2014,2014,29,12119,19
1165,2011/0366(COD),15/11/2011,2011,16/04/2014,2014,29,12894,19
1166,2011/0367(COD),15/11/2011,2011,16/04/2014,2014,29,17789,19
1167,2011/0368(COD),15/11/2011,2011,16/04/2014,2014,29,8522,19
1168,2011/0369(COD),15/11/2011,2011,17/12/2013,2013,25,5679,19
1169,2011/0370(COD),23/11/2011,2011,11/12/2013,2013,25,8292,17
1170,2011/0371(COD),23/11/2011,2011,11/12/2013,2013,25,12466,17
1171,2011/0372(COD),23/11/2011,2011,21/05/2013,2013,18,14340,10
1172,2011/0373(COD),29/11/2011,2011,21/05/2013,2013,18,7590,12
1173,2011/0374(COD),29/11/2011,2011,21/05/2013,2013,18,8145,12
1174,2011/0380(COD),02/12/2011,2011,15/05/2014,2014,29,37458,16
1175,2011/0384(COD),30/11/2011,2011,11/12/2013,2013,24,2961,11
1176,2011/0385(COD),23/11/2011,2011,21/05/2013,2013,18,2877,8
1177,2011/0386(COD),23/11/2011,2011,21/05/2013,2013,18,3913,8
1178,2011/0387(COD),30/11/2011,2011,11/12/2013,2013,24,880,11
1179,2011/0389(COD),30/11/2011,2011,16/04/2014,2014,29,10695,24
1180,2011/0392(COD),30/11/2011,2011,11/12/2013,2013,24,12517,11
1181,2011/0394(COD),30/11/2011,2011,11/12/2013,2013,24,9863,11
1182,2011/0398(COD),01/12/2011,2011,16/04/2014,2014,28,6807,13
1183,2011/0399(COD),30/11/2011,2011,11/12/2013,2013,24,12137,11
1184,2011/0401(COD),30/11/2011,2011,11/12/2013,2013,24,8853,11
1185,2011/0404(COD),07/12/2011,2011,11/03/2014,2014,27,9595,1
1186,2011/0405(COD),07/12/2011,2011,11/03/2014,2014,27,9981,1
1187,2011/0406(COD),07/12/2011,2011,11/03/2014,2014,27,10961,4
1188,2011/0409(COD),09/12/2011,2011,16/04/2014,2014,28,5957,10
1189,2011/0411(COD),07/12/2011,2011,11/03/2014,2014,27,6617,1
1190,2011/0412(COD),07/12/2011,2011,11/03/2014,2014,27,5027,1
1191,2011/0413(COD),07/12/2011,2011,11/03/2014,2014,27,5354,1
1192,2011/0415(COD),07/12/2011,2011,11/03/2014,2014,27,6220,1
1193,2011/0416(COD),07/12/2011,2011,22/10/2013,2013,22,3618,15
1194,2011/0417(COD),07/12/2011,2011,17/04/2013,2013,16,11206,8
1195,2011/0418(COD),07/12/2011,2011,17/04/2013,2013,16,12328,8
1196,2011/0421(COD),08/12/2011,2011,22/10/2013,2013,22,11559,10
1197,2011/0427(COD),12/12/2011,2011,22/10/2013,2013,22,8235,19
1198,2011/0428(COD),12/12/2011,2011,11/12/2013,2013,24,11637,10
1199,2011/0429(COD),31/01/2012,2012,12/08/2013,2013,18,7136,10
1200,2011/0430(COD),12/12/2011,2011,26/06/2013,2013,18,7065,11
1201,2011/0434(COD),14/12/2011,2011,25/10/2012,2012,10,3389,16
1202,2011/0435(COD),19/12/2011,2011,20/11/2013,2013,23,21253,12
1203,2011/0437(COD),20/12/2011,2011,26/02/2014,2014,26,25782,12
1204,2011/0438(COD),20/12/2011,2011,26/02/2014,2014,26,42746,12
1205,2011/0439(COD),20/12/2011,2011,26/02/2014,2014,26,44615,12
1206,2011/0440(COD),20/12/2011,2011,20/11/2013,2013,23,4172,9
1207,2011/0442(COD),21/12/2011,2011,04/07/2012,2012,6,2429,8
1208,2011/0445(COD),21/12/2011,2011,26/02/2014,2014,26,1395,5
1209,2011/0449(COD),19/12/2011,2011,11/03/2014,2014,27,4994,19
1210,2011/0453(COD),21/12/2011,2011,26/02/2014,2014,26,1941,5
1211,2011/0454(COD),19/12/2011,2011,26/02/2014,2014,26,4929,7
1212,2011/0455(COD),13/12/2011,2011,22/10/2013,2013,22,20154,18
1213,2011/0458(COD),20/12/2011,2011,22/10/2013,2013,22,6051,5
1214,2011/0459(COD),21/12/2011,2011,15/01/2013,2013,13,6585,8
1215,2011/0461(COD),20/12/2011,2011,17/12/2013,2013,24,12420,10
1216,2011/0465(COD),10/01/2012,2012,11/03/2014,2014,26,2491,5
1217,2011/0901A(COD),28/03/2011,2011,11/08/2012,2012,16,n/a,18
1218,2011/0902(COD),28/03/2011,2011,25/10/2012,2012,19,n/a,18
1219,2012/0003(COD),25/01/2012,2012,19/04/2012,2012,3,3606,9
1220,2012/0019(COD),07/02/2012,2012,13/06/2012,2012,4,1369,5
1221,2012/0023(COD),10/02/2012,2012,25/10/2012,2012,8,1641,10
1222,2012/0025(COD),10/02/2012,2012,25/10/2012,2012,8,1977,10
1223,2012/0027(COD),20/02/2012,2012,09/10/2013,2013,20,58047,12
1224,2012/0029(COD),07/03/2012,2012,23/07/2014,2014,28,29829,8
1225,2012/0036(COD),12/03/2012,2012,03/04/2014,2014,25,9285,19
1226,2012/0039(COD),05/03/2012,2012,12/06/2013,2013,15,12152,10
1227,2012/0040(COD),05/03/2012,2012,12/06/2013,2013,15,1475,10
1228,2012/0042(COD),12/03/2012,2012,21/05/2013,2013,14,9993,10
1229,2012/0049(COD),15/03/2012,2012,05/02/2013,2013,11,2977,11
1230,2012/0054(COD),16/03/2012,2012,12/12/2012,2012,9,1379,5
1231,2012/0055(COD),23/03/2012,2012,20/11/2013,2013,20,11506,10
1232,2012/0061(COD),21/03/2012,2012,15/05/2014,2014,26,16235,9
1233,2012/0062(COD),23/03/2012,2012,12/08/2013,2013,17,5527,13
1234,2012/0065(COD),23/03/2012,2012,20/11/2013,2013,20,4388,9
1235,2012/0066(COD),26/03/2012,2012,20/11/2013,2013,20,2995,10
1236,2012/0075(COD),30/03/2012,2012,09/10/2013,2013,18,3632,10
1237,2012/0084(COD),17/04/2012,2012,29/04/2015,2015,36,4027,8
1238,2012/0085(COD),16/04/2012,2012,16/04/2014,2014,24,1824,5
1239,2012/0110(COD),16/05/2012,2012,12/09/2012,2012,4,2317,8
1240,2012/0143(COD),07/06/2012,2012,21/11/2012,2012,5,1090,16
1241,2012/0145(COD),08/06/2012,2012,12/12/2012,2012,6,2015,5
1242,2012/0146(COD),04/06/2012,2012,23/07/2014,2014,25,15303,11
1243,2012/0150(COD),06/06/2012,2012,15/05/2014,2014,23,59756,8
1244,2012/0158(COD),21/06/2012,2012,13/03/2013,2013,9,9349,16
1245,2012/0163(COD),21/06/2012,2012,23/07/2014,2014,25,10544,5
1246,2012/0165(COD),28/06/2012,2012,21/11/2012,2012,5,824,15
1247,2012/0168(COD),03/07/2012,2012,23/07/2014,2014,24,13247,8
1248,2012/0169(COD),03/07/2012,2012,26/11/2014,2014,28,12982,8
1249,2012/0172(COD),02/07/2012,2012,21/11/2012,2012,4,1319,15
1250,2012/0180(COD),11/07/2012,2012,26/02/2014,2014,19,16941,18
1251,2012/0184(COD),13/07/2012,2012,03/04/2014,2014,21,7785,13
1252,2012/0185(COD),13/07/2012,2012,03/04/2014,2014,21,3239,13
1253,2012/0186(COD),13/07/2012,2012,03/04/2014,2014,21,7184,13
1254,2012/0190(COD),11/07/2012,2012,11/03/2014,2014,20,3946,10
1255,2012/0191(COD),11/07/2012,2012,26/02/2014,2014,19,2636,10
1256,2012/0192(COD),17/07/2012,2012,16/04/2014,2014,21,25046,10
1257,2012/0199(COD),20/07/2012,2012,16/04/2014,2014,21,7147,17
1258,2012/0202(COD),25/07/2012,2012,17/12/2013,2013,17,872,10
1259,2012/0216(COD),08/08/2012,2012,16/04/2014,2014,20,1315,10
1260,2012/0217(COD),09/08/2012,2012,12/12/2012,2012,4,1914,5
1261,2012/0224(COD),17/08/2012,2012,12/12/2012,2012,4,750,18
1262,2012/0237(COD),12/09/2012,2012,22/10/2014,2014,25,12726,20
1263,2012/0244(COD),12/09/2012,2012,22/10/2013,2013,13,4041,3
1264,2012/0245(COD),19/09/2012,2012,03/04/2014,2014,18,8056,4
1265,2012/0250(COD),27/09/2012,2012,20/11/2013,2013,14,5329,5
1266,2012/0251(COD),17/09/2012,2012,12/06/2013,2013,9,1123,5
1267,2012/0252(COD),20/09/2012,2012,13/03/2013,2013,6,4739,19
1268,2012/0253(COD),20/09/2012,2012,13/03/2013,2013,6,3894,19
1269,2012/0260(COD),21/09/2012,2012,15/05/2014,2014,20,3187,10
1270,2012/0261(COD),27/09/2012,2012,20/11/2013,2013,14,5911,19
1271,2012/0278(COD),04/10/2012,2012,16/04/2014,2014,18,8225,10
1272,2012/0283(COD),17/10/2012,2012,16/04/2014,2014,18,16108,12
1273,2012/0295(COD),24/10/2012,2012,11/03/2014,2014,17,18147,9
1274,2012/0297(COD),26/10/2012,2012,16/04/2014,2014,18,8157,10
1275,2012/0305(COD),07/11/2012,2012,16/04/2014,2014,17,10804,10
1276,2012/0309(COD),07/11/2012,2012,15/05/2014,2014,18,3621,19
1277,2012/0328(COD),20/11/2012,2012,24/04/2013,2013,5,1230,10
1278,2012/0336(COD),29/11/2012,2012,22/10/2014,2014,23,4306,6
1279,2012/0337(COD),29/11/2012,2012,20/11/2013,2013,12,1999,10
1280,2012/0343(COD),05/12/2012,2012,11/12/2013,2013,12,2462,15
1281,2012/0358(COD),17/12/2012,2012,23/07/2014,2014,19,13547,13
1282,2012/0359(COD),18/12/2012,2012,15/05/2014,2014,17,6394,5
1283,2012/0360(COD),12/12/2012,2012,20/05/2015,2015,29,13791,18
1284,2012/0361(COD),18/12/2012,2012,03/04/2014,2014,16,11052,13
1285,2012/0364(COD),19/12/2012,2012,03/04/2014,2014,16,5722,8
1286,2012/0366(COD),19/12/2012,2012,03/04/2014,2014,16,16762,10
1287,2013/0010(COD),24/01/2013,2013,15/05/2014,2014,16,1768,5
1288,2013/0012(COD),24/01/2013,2013,22/10/2014,2014,21,6939,13
1289,2013/0022(COD),06/02/2013,2013,16/04/2014,2014,14,8824,11
1290,2013/0023(COD),05/02/2013,2013,15/05/2014,2014,15,7615,19
1291,2013/0024(COD),05/02/2013,2013,20/05/2015,2015,27,8735,8
1292,2013/0025(COD),05/02/2013,2013,20/05/2015,2015,27,19908,8
1293,2013/0062(COD),26/02/2013,2013,26/02/2014,2014,12,3727,9
1294,2013/0063(COD),27/02/2013,2013,16/04/2014,2014,14,16558,15
1295,2013/0064(COD),28/02/2013,2013,16/04/2014,2014,14,5960,11
1296,2013/0074(COD),12/03/2013,2013,23/07/2014,2014,16,7451,13
1296,2013/0080(COD),26/03/2013,2013,15/05/2014,2014,14,12147,11
1298,2013/0082(COD),20/03/2013,2013,26/02/2014,2014,11,4397,11
1299,2013/0084(COD),27/03/2013,2013,15/05/2014,2014,14,2608,9
1300,2013/0092(COD),03/04/2013,2013,23/07/2014,2014,15,3723,13
1301,2013/0097(COD),08/04/2013,2013,26/02/2014,2014,10,1163,16
1302,2013/0099(COD),08/04/2013,2013,20/11/2013,2013,7,1270,5
1303,2013/0104(COD),10/04/2013,2013,12/06/2013,2013,2,1214,12
1304,2013/0105(COD),15/04/2013,2013,29/04/2015,2015,24,7559,13
1305,2013/0106(COD),12/04/2013,2013,15/05/2014,2014,13,8590,19
1306,2013/0110(COD),16/04/2013,2013,22/10/2014,2014,18,5678,18
1307,2013/0117(COD),18/04/2013,2013,17/12/2013,2013,8,6094,15
1308,2013/0124(COD),26/04/2013,2013,16/04/2014,2014,12,8948,9
1309,2013/0128(COD),29/04/2013,2013,11/12/2013,2013,7,5562,5
1310,2013/0130(COD),02/05/2013,2013,16/04/2014,2014,11,1147,10
1311,2013/0133(COD),02/05/2013,2013,15/05/2014,2014,12,1581,16
1312,2013/0139(COD),08/05/2013,2013,23/07/2014,2014,14,15387,8
1313,2013/0150(COD),16/05/2013,2013,11/03/2014,2014,10,5071,10
1314,2013/0152(COD),23/05/2013,2013,16/04/2014,2014,11,9019,6
1315,2013/0156(COD),21/05/2013,2013,11/12/2013,2013,7,2855,14
1316,2013/0162(COD),30/05/2013,2013,15/05/2014,2014,12,8359,17
1317,2013/0164(COD),29/05/2013,2013,03/04/2014,2014,10,7661,11
1318,2013/0165(COD),13/06/2013,2013,29/04/2015,2015,22,3972,12
1319,2013/0166(COD),13/06/2013,2013,15/05/2014,2014,11,3851,13
1320,2013/0169(COD),07/06/2013,2013,15/05/2014,2014,11,12057,15
1321,2013/0185(COD),11/06/2013,2013,26/11/2014,2014,17,18795,8
1322,2013/0191(COD),13/06/2013,2013,17/12/2013,2013,6,3085,16
1323,2013/0192(COD),13/06/2013,2013,17/12/2013,2013,6,3555,10
1324,2013/0198(COD),18/06/2013,2013,26/02/2014,2014,8,1812,5
1325,2013/0200(COD),18/06/2013,2013,11/03/2014,2014,9,1463,16
1326,2013/0202(COD),17/06/2013,2013,15/05/2014,2014,11,4436,9
1327,2013/0210(COD),21/06/2013,2013,15/05/2014,2014,11,4431,19
1328,2013/0213(COD),26/06/2013,2013,16/04/2014,2014,10,3849,12
1329,2013/0214(COD),26/06/2013,2013,29/04/2015,2015,22,15197,8
1330,2013/0221(COD),28/06/2013,2013,15/05/2014,2014,11,26061,12
1331,2013/0222(COD),26/06/2013,2013,15/05/2014,2014,11,8428,10
1332,2013/0224(COD),28/06/2013,2013,29/04/2015,2015,22,10648,10
1333,2013/0232(COD),10/07/2013,2013,15/05/2014,2014,10,6959,11
1334,2013/0233(COD),10/07/2013,2013,15/05/2014,2014,10,6352,11
1335,2013/0238(COD),10/07/2013,2013,16/04/2014,2014,9,4705,4
1336,2013/0239(COD),11/07/2013,2013,15/05/2014,2014,10,4006,10
1337,2013/0242(COD),10/07/2013,2013,15/05/2014,2014,10,6197,11
1338,2013/0243(COD),10/07/2013,2013,15/05/2014,2014,10,5797,11
1339,2013/0248(COD),25/07/2013,2013,15/05/2014,2014,10,6300,14
1340,2013/0249(COD),17/07/2013,2013,17/12/2013,2013,5,841,8
1341,2013/0253(COD),10/07/2013,2013,15/07/2014,2014,12,37962,8
1342,2013/0265(COD),24/07/2013,2013,29/04/2015,2015,21,15272,8
1343,2013/0268(COD),26/07/2013,2013,15/05/2014,2014,10,4702,18
1344,2013/0271(COD),25/07/2013,2013,11/12/2013,2013,5,1441,14
1345,2013/0278(COD),08/08/2013,2013,15/05/2014,2014,9,3410,8
1346,2013/0303(COD),10/09/2013,2013,15/05/2014,2014,8,1591,13
1347,2013/0307(COD),09/09/2013,2013,22/10/2014,2014,13,12326,10
1348,2013/0313(COD),20/09/2013,2013,15/05/2014,2014,8,1494,6
1349,2013/0325(COD),25/09/2013,2013,17/12/2013,2013,3,829,5
1350,2013/0327(COD),02/10/2013,2013,11/12/2013,2013,2,3316,8
1351,2013/0344(COD),16/10/2013,2013,16/04/2014,2014,6,3709,10
1352,2013/0367(COD),04/11/2013,2013,03/04/2014,2014,5,2064,15
1353,2013/0371(COD),04/11/2013,2013,29/04/2015,2015,17,2224,10
1354,2013/0377(COD),06/11/2013,2013,15/05/2014,2014,6,4855,10
1355,2013/0398(COD),21/11/2013,2013,22/10/2014,2014,11,8259,15
1356,2013/0415(COD),27/11/2013,2013,03/04/2014,2014,4,3791,19
1357,2013/0416(COD),05/12/2013,2013,15/05/2014,2014,5,6531,5
1358,2013/0436(COD),17/12/2013,2013,20/05/2015,2015,17,9415,16
1359,2013/0438(COD),10/12/2013,2013,16/04/2014,2014,4,2920,18
1360,2013/0439(COD),10/12/2013,2013,16/04/2014,2014,4,2866,18
1361,2013/0449(COD),09/01/2014,2014,26/02/2014,2014,1,3529,8
1362,2013/0812(COD),18/11/2013,2013,15/05/2014,2014,6,1207,19
1363,2014/0034(COD),06/02/2014,2014,15/05/2014,2014,3,3810,6
1364,2014/0090(COD),11/03/2014,2014,16/04/2014,2014,1,1352,5
1365,2014/0132(COD),05/05/2014,2014,11/02/2015,2015,9,920,10
1366,2014/0160(COD),27/05/2014,2014,11/03/2015,2015,10,1438,18
1367,2014/0163(COD),28/05/2014,2014,11/03/2015,2015,9,1693,18
1368,2014/0164(COD),28/05/2014,2014,11/03/2015,2015,9,1602,18
1369,2014/0166(COD),28/05/2014,2014,11/03/2015,2015,9,6842,18
1370,2014/0167(COD),28/05/2014,2014,11/03/2015,2015,9,2362,18
1371,2014/0168(COD),28/05/2014,2014,29/04/2015,2015,11,6093,5
