prnrnmc,isnrnmc,prnr,cod,prname,isnr,pcom,pep,pat,pbe,pbu,pcy,pcz,pdk,pee,pfi,pfr,pde,pel,phu,pie,pit,plv,plt,plu,pmt,pnl,ppl,ppt,pro,psi,psk,pes,pse,puk,rp,out,pepppty,ppespty,paldepty,pgreenpty,pguepty,puenpty,scom,sep,sat,sbe,sbu,scy,scz,sdk,see,sfi,sfr,sde,sel,shu,sie,sit,slv,slt,slu,smt,snl,spl,spt,sro,ssi,ssk,ses,sse,suk
1,1,d00032,2000/0032(COD),documents,d00032i1,100,100,40,40,,,,100,,100,40,0,40,,40,0,,,40,,100,,40,,,,0,100,100,0,100,,,,,,,50,50,40,20,0,0,0,80,0,80,20,80,20,0,20,60,0,0,20,0,20,0,20,0,0,0,80,80,60
1,2,d00032,2000/0032(COD),documents,d00032i2,50,0,100,50,,,,0,,0,100,100,50,,0,100,,,50,,0,,50,,,,100,0,50,,0,,,,,,,20,80,50,20,0,0,0,80,0,80,50,50,50,0,20,50,0,0,50,0,20,0,50,0,0,0,50,80,50
1,3,d00032,2000/0032(COD),documents,d00032i3,100,0,100,100,,,,60,,60,100,100,100,,60,100,,,100,,60,,100,,,,100,0,100,100,100,,,,,,,10,60,90,60,0,0,0,60,0,60,90,90,60,0,30,60,0,0,60,0,60,0,90,0,0,0,90,30,80
1,4,d00032,2000/0032(COD),documents,d00032i4,100,0,100,50,,,,0,,0,100,100,100,,0,100,,,100,,0,,100,,,,100,0,50,0,50,,,,,,,90,20,90,60,0,0,0,95,0,95,90,90,60,0,40,90,0,0,60,0,40,0,90,0,0,0,90,95,60
2,5,d00060,2000/0060(COD),buses,d00060i1,100,50,100,50,,,,50,,50,100,100,100,,,100,,,50,,0,,100,,,,50,50,50,,50,,,,,,,80,80,70,40,0,0,0,70,0,90,70,90,60,0,0,70,0,0,40,0,90,0,70,0,0,0,90,90,50
2,6,d00060,2000/0060(COD),buses,d00060i2,100,100,0,0,,,,100,,0,0,0,0,,0,0,,,0,,0,,0,,,,0,0,70,0,0,,,,,,,40,40,70,50,0,0,0,70,0,80,80,90,80,0,50,80,0,0,40,0,80,0,70,0,0,0,90,80,70
3,7,d00062,2000/0062(COD),landmines,d00062i1,100,100,100,100,,,,,,,0,100,,,100,,,,0,,100,,100,,,,100,,,,90,,,,,,,100,100,20,100,0,0,0,0,0,0,100,20,0,0,20,0,0,0,20,0,100,0,20,0,0,0,20,0,0
3,8,d00062,2000/0062(COD),landmines,d00062i2,60,100,,,,,,,,,100,0,,,,,,,,,,,,,,,100,10,0,,60,,,,,,,100,100,0,0,0,0,0,0,0,0,80,100,0,0,0,0,0,0,0,0,0,0,0,0,0,0,80,50,80
3,9,d00062,2000/0062(COD),landmines,d00062i3,100,100,100,100,,,,100,,100,100,100,100,,100,100,,,100,,0,,100,,,,100,100,100,,95,,,,,,,50,100,50,50,0,0,0,50,0,50,80,50,50,0,50,100,0,0,50,0,100,0,50,0,0,0,90,50,50
4,10,d00067,2000/0067(COD),tankers,d00067i1,100,50,,100,,,,50,,50,100,100,0,,50,100,,,,,50,,100,,,,100,50,50,0,50,,,,,,,60,60,0,60,0,0,0,70,0,60,100,60,80,0,60,60,0,0,0,0,70,0,60,0,0,0,60,70,60
4,11,d00067,2000/0067(COD),tankers,d00067i2,0,,,0,,,,100,,100,0,0,100,,100,0,,,,,100,,0,,,,0,100,100,0,100,,,,,,,60,0,0,60,0,0,0,70,0,60,80,60,100,0,60,60,0,0,0,0,70,0,60,0,0,0,60,70,60
5,12,d00184,2000/0184(COD),comnet,d00184i1,100,100,0,50,,,,50,,60,60,0,50,,60,50,,,50,,60,,50,,,,0,50,60,,100,,,,,,,90,90,80,70,0,0,0,70,0,70,80,95,70,0,80,70,0,0,40,0,80,0,70,0,0,0,85,70,85
5,13,d00184,2000/0184(COD),comnet,d00184i2,0,100,0,30,,,,30,,30,30,0,0,,30,30,,,0,,30,,100,,,,30,30,60,,30,,,,,,,90,80,70,60,0,0,0,70,0,70,80,80,60,0,60,60,0,0,60,0,80,0,80,0,0,0,75,70,90
5,14,d00184,2000/0184(COD),comnet,d00184i3,100,100,0,0,,,,0,,0,0,0,0,,0,0,,,0,,0,,0,,,,0,0,0,,0,,,,,,,85,70,60,60,0,0,0,60,0,60,60,85,60,0,60,60,0,0,60,0,60,0,60,0,0,0,60,60,60
6,15,d95341,1995/0341(COD),takeovers,d95341i1,100,100,0,100,,,,0,,0,0,0,0,,100,0,,,0,,100,,0,,,,0,0,100,0,0,,,,,,,50,60,60,50,0,0,0,50,0,50,60,60,50,0,30,50,0,0,50,0,30,0,50,0,0,0,60,50,30
6,16,d95341,1995/0341(COD),takeovers,d95341i2,100,0,100,0,,,,100,,100,100,100,100,,100,100,,,100,,0,,100,,,,100,100,100,,,,,,,,,75,90,75,50,0,0,0,75,0,75,75,75,75,0,75,75,0,0,75,0,75,0,50,0,0,0,75,75,75
6,17,d95341,1995/0341(COD),takeovers,d95341i3,0,100,,,,,,,,,75,100,,,0,75,,,,,75,,,,,,0,,0,0,0,,,,,,,50,50,0,0,0,0,0,0,0,0,50,50,0,0,70,50,0,0,0,0,50,0,0,0,0,0,50,0,70
6,18,d95341,1995/0341(COD),takeovers,d95341i4,100,100,50,50,,,,50,,50,100,50,50,,50,100,,,50,,50,,100,,,,50,50,50,0,0,,,,,,,75,50,50,50,0,0,0,50,0,50,75,50,75,0,75,75,0,0,50,0,90,0,75,0,0,0,50,50,70
7,19,d96085,1996/0085(COD),resale,d96085i1,82,100,,82,,,,82,,82,82,82,82,,9,82,,,9,,9,,82,,,,82,82,9,0,45,,,,,,,75,50,0,50,0,0,0,80,0,80,60,50,80,0,75,50,0,0,75,0,75,0,50,0,0,0,50,80,50
7,20,d96085,1996/0085(COD),resale,d96085i2,100,82,,100,,,,45,,45,100,100,100,,100,100,,,45,,45,,100,,,,100,45,9,0,64,,,,,,,90,20,0,50,0,0,0,50,0,50,90,90,60,0,60,50,0,0,60,0,60,0,60,0,0,0,60,50,90
7,21,d96085,1996/0085(COD),resale,d96085i3,100,,,100,,,,9,,9,100,100,100,,9,100,,,9,,9,,100,,,,100,9,9,0,32,,,,,,,20,0,0,50,0,0,0,50,0,50,50,50,50,0,50,50,0,0,50,0,50,0,50,0,0,0,50,50,50
7,22,d96085,1996/0085(COD),resale,d96085i4,100,82,9,100,,,,100,,100,100,100,100,,9,100,,,9,,9,,100,,,,100,100,9,0,41,,,,,,,95,45,50,50,0,0,0,50,0,50,75,75,60,0,90,50,0,0,90,0,90,0,60,0,0,0,60,50,95
8,23,d96112,1996/0112(COD),choco,d96112i1,0,100,0,100,,,,0,,0,100,0,100,,0,100,,,100,,100,,0,,,,100,0,0,100,50,,,,,,,100,100,80,100,0,0,0,80,0,80,90,80,80,0,80,80,0,0,80,0,90,0,80,0,0,0,80,80,80
8,24,d96112,1996/0112(COD),choco,d96112i2,20,100,0,100,,,,0,,0,100,20,100,,0,100,,,100,,100,,0,,,,100,0,0,0,60,,,,,,,80,80,80,100,0,0,0,80,0,80,90,80,80,0,80,80,0,0,80,0,90,0,80,0,0,0,80,80,90
8,25,d96112,1996/0112(COD),choco,d96112i3,0,100,0,100,,,,0,,0,100,0,100,,0,100,,,100,,100,,0,,,,100,0,0,0,0,,,,,,,90,50,50,100,0,0,0,50,0,50,50,50,50,0,100,60,0,0,50,0,50,0,50,0,0,0,50,50,100
8,26,d96112,1996/0112(COD),choco,d96112i4,100,0,100,0,,,,100,,100,0,100,0,,100,0,,,0,,0,,100,,,,0,100,100,,100,,,,,,,70,70,70,80,0,0,0,70,0,70,80,70,70,0,70,70,0,0,70,0,90,0,70,0,0,0,70,70,70
9,27,d96161,1996/0161(COD),guarantees,d96161i1,100,100,100,100,,,,0,,0,100,0,100,,100,100,,,100,,0,,100,,,,100,0,0,,50,,,,,,,80,70,70,70,0,0,0,80,0,70,75,80,70,0,70,70,0,0,70,0,75,0,70,0,0,0,70,70,50
9,28,d96161,1996/0161(COD),guarantees,d96161i2,0,0,0,0,,,,100,,100,0,100,0,,0,0,,,0,,100,,0,,,,0,100,100,50,50,,,,,,,70,70,60,60,0,0,0,80,0,70,70,60,60,0,60,60,0,0,70,0,60,0,60,0,0,0,60,70,20
10,29,d97264,1997/0264(COD),autoinsure,d97264i1,44,100,44,44,,,,44,,44,44,44,44,,44,44,,,44,,44,,44,,,,44,44,44,0,78,,,,,,,60,90,75,75,0,0,0,75,0,75,75,75,75,0,75,75,0,0,75,0,75,0,75,0,0,0,75,75,75
11,30,d97359,1997/0359(COD),copyright,d97359i1,100,80,100,50,,,,100,,100,50,100,100,,100,50,,,100,,100,,100,,,,50,100,100,0,80,,,,,,,80,70,80,80,0,0,0,80,0,80,80,80,80,0,80,80,0,0,80,0,80,0,80,0,0,0,80,80,80
11,31,d97359,1997/0359(COD),copyright,d97359i2,100,,25,100,,,,25,,25,100,25,25,,0,100,,,25,,25,,25,,,,100,25,0,0,25,,,,,,,70,0,60,55,0,0,0,70,0,60,60,60,60,0,55,60,0,0,60,0,70,0,60,0,0,0,60,50,90
11,32,d97359,1997/0359(COD),copyright,d97359i3,0,100,0,100,,,,0,,0,100,0,0,,0,100,,,0,,0,,0,,,,100,0,0,0,33,,,,,,,60,70,50,80,0,0,0,80,0,50,70,50,80,0,70,50,0,0,50,0,50,0,50,0,0,0,50,80,70
12,33,d98134,1998/0134(COD),cuscode,d98134i1,0,100,25,25,,,,25,,25,100,25,100,,25,100,,,25,,25,,75,,,,100,25,25,100,100,,,,,,,30,50,40,40,0,0,0,60,0,30,95,25,75,0,40,90,0,0,0,0,60,0,60,0,0,0,95,50,50
12,34,d98134,1998/0134(COD),cuscode,d98134i2,0,0,25,100,,,,25,,25,100,25,100,,0,100,,,,,,,,,,,100,25,0,100,0,,,,,,,50,40,40,50,0,0,0,50,0,50,40,60,50,0,90,40,0,0,0,0,0,0,0,0,0,0,40,50,75
12,35,d98134,1998/0134(COD),cuscode,d98134i3,100,100,75,75,,,,75,,75,0,100,50,,75,0,,,,,75,,50,,,,0,0,0,0,0,,,,,,,70,60,60,40,0,0,0,50,0,50,70,75,50,0,50,60,0,0,0,0,50,0,40,0,0,0,80,60,40
12,36,d98134,1998/0134(COD),cuscode,d98134i4,0,25,100,100,,,,100,,100,100,100,100,,100,100,,,100,,100,,100,,,,100,100,100,0,50,,,,,,,90,75,50,50,0,0,0,60,0,50,60,60,50,0,60,50,0,0,0,0,60,0,50,0,0,0,60,50,60
13,37,d98191,1998/0191(COD),esign,d98191i1,0,70,100,70,,,,70,,35,100,100,50,,35,70,,,50,,35,,70,,,,70,70,35,70,60,,,,,,,100,80,100,80,0,0,0,80,0,100,100,100,50,0,100,80,0,0,50,0,100,0,80,0,0,0,80,80,100
13,38,d98191,1998/0191(COD),esign,d98191i2,10,30,80,10,,,,50,,5,80,80,70,,5,80,,,50,,0,,80,,,,100,50,5,70,50,,,,,,,20,20,60,20,0,0,0,20,0,20,60,60,30,0,20,60,0,0,20,0,20,0,60,0,0,0,80,20,20
13,39,d98191,1998/0191(COD),esign,d98191i3,100,15,0,15,,,,15,,40,15,0,,,50,15,,,40,,50,,30,,,,15,0,40,10,20,,,,,,,30,90,90,90,0,0,0,90,0,70,90,90,0,0,10,90,0,0,70,0,10,0,50,0,0,0,90,90,70
14,40,d98195,1998/0195(COD),socrates,d98195i1,80,100,60,80,,,,80,,80,60,60,80,,80,80,,,80,,60,,80,,,,80,60,60,0,75,,,,,,,90,100,80,80,0,0,0,80,0,80,80,80,80,0,80,80,0,0,80,0,90,0,80,0,0,0,80,80,90
14,41,d98195,1998/0195(COD),socrates,d98195i2,100,100,0,0,,,,0,,0,0,0,0,,0,0,,,0,,0,,0,,,,0,0,0,0,100,,,,,,,80,100,60,60,0,0,0,60,0,60,60,60,60,0,60,60,0,0,60,0,60,0,60,0,0,0,60,60,60
14,42,d98195,1998/0195(COD),socrates,d98195i3,100,100,100,100,,,,100,,100,100,0,100,,100,100,,,100,,0,,100,,,,100,0,0,0,0,,,,,,,50,70,50,50,0,0,0,50,0,50,50,70,50,0,50,50,0,0,50,0,70,0,50,0,0,0,50,70,70
15,43,d98240,1998/0240(COD),orphanmed,d98240i1,0,100,100,70,,,,85,,0,100,100,85,,100,100,,,100,,100,,100,,,,100,100,100,0,100,,,,,,,35,35,35,50,0,0,0,60,0,40,35,35,60,0,35,70,0,0,35,0,35,0,35,0,0,0,35,35,35
16,44,d98252,1998/0252(COD),emoney,d98252i1,50,,60,80,,,,50,,30,50,75,90,,40,100,,,10,,30,,80,,,,90,0,0,0,60,,,,,,,70,0,60,60,0,0,0,50,0,50,40,60,80,0,40,100,0,0,80,0,50,0,80,0,0,0,80,80,80
16,45,d98252,1998/0252(COD),emoney,d98252i2,75,,75,100,,,,75,,17,75,75,75,,33,100,,,17,,33,,100,,,,100,17,17,0,33,,,,,,,30,0,50,60,0,0,0,70,0,85,50,50,70,0,60,90,0,0,50,0,80,0,70,0,0,0,70,90,85
17,46,d98300,1998/0300(COD),Turkey,d98300i1,100,100,100,100,,,,100,,100,100,100,0,,100,100,,,100,,100,,100,,,,100,100,100,0,100,,,,,,,90,90,90,90,0,0,0,90,0,90,90,90,90,0,90,90,0,0,90,0,90,0,90,0,0,0,90,90,90
17,47,d98300,1998/0300(COD),Turkey,d98300i2,0,100,0,0,,,,0,,0,0,0,100,,0,0,,,0,,0,,0,,,,0,100,0,,100,,,,,,,60,95,70,70,0,0,0,70,0,70,70,70,70,0,70,70,0,0,70,0,70,0,70,0,0,0,70,70,70
17,48,d98300,1998/0300(COD),Turkey,d98300i3,100,100,100,100,,,,100,,100,0,100,100,,100,100,,,100,,100,,100,,,,100,100,0,,100,,,,,,,40,40,40,40,0,0,0,40,0,40,40,40,40,0,40,40,0,0,40,0,40,0,40,0,0,0,40,40,40
18,49,d98323,1998/0323(COD),BSE,d98323i1,0,100,100,0,,,,100,,100,100,100,100,,100,100,,,100,,0,,0,,,,100,100,0,,100,,,,,,,80,100,65,80,0,0,0,80,0,65,80,80,80,0,80,80,0,0,80,0,80,0,80,0,0,0,80,65,80
18,50,d98323,1998/0323(COD),BSE,d98323i2,100,100,100,33,,,,33,,100,33,33,33,,33,33,,,33,,33,,33,,,,33,100,33,0,93,,,,,,,90,90,90,80,0,0,0,80,0,90,80,80,80,0,80,80,0,0,80,0,80,0,80,0,0,0,80,90,80
18,51,d98323,1998/0323(COD),BSE,d98323i3,70,70,0,0,,,,50,,50,0,100,50,,50,50,,,50,,0,,50,,,,50,0,50,0,70,,,,,,,100,80,80,80,0,0,0,80,0,80,80,90,80,0,80,80,0,0,80,0,90,0,80,0,0,0,80,80,80
19,52,d98325,1998/0325(COD),ecommerce,d98325i1,0,100,100,75,,,,100,,100,0,100,0,,0,100,,,0,,100,,0,,,,100,100,0,100,10,,,,,,,100,100,50,100,0,0,0,0,0,75,100,75,0,0,100,75,0,0,100,0,0,0,100,0,0,0,0,0,100
19,53,d98325,1998/0325(COD),ecommerce,d98325i2,100,100,0,0,,,,,,,,0,,,100,0,,,0,,100,,,,,,0,,100,0,75,,,,,,,100,100,100,75,0,0,0,0,0,0,0,100,0,0,0,100,0,0,25,0,0,0,0,0,0,0,100,0,50
19,54,d98325,1998/0325(COD),ecommerce,d98325i3,0,100,75,100,,,,50,,75,100,75,,,0,75,,,0,,100,,0,,,,0,75,0,100,13,,,,,,,100,0,100,75,0,0,0,75,0,0,100,100,0,0,100,75,0,0,100,0,50,0,60,0,0,0,60,100,100
20,55,d99083,1999/0083(COD),dangoods,d99083i1,55,,60,60,,,,100,,100,100,100,60,,0,60,,,60,,0,,100,,,,60,60,0,0,70,,,,,,,45,0,50,40,0,0,0,50,0,50,40,40,30,0,45,30,0,0,25,0,40,0,50,0,0,0,30,40,45
21,56,d99127,1999/0127(COD),ballasts,d99127i1,100,100,47,100,,,,100,,47,100,47,33,,,47,,,100,,100,,47,,,,47,100,100,0,47,,,,,,,30,30,60,10,0,0,0,30,0,60,10,60,80,0,0,60,0,0,10,0,40,0,10,0,0,0,40,10,10
21,57,d99127,1999/0127(COD),ballasts,d99127i2,30,100,0,30,,,,50,,0,30,0,0,,30,0,,,30,,80,,30,,,,30,30,30,0,30,,,,,,,20,30,80,10,0,0,0,10,0,80,10,80,80,0,10,80,0,0,10,0,30,0,10,0,0,0,70,10,10
22,58,d99158,1999/0158(COD),foodads,d99158i1,0,100,0,0,,,,100,,0,100,0,0,,0,0,,,0,,0,,0,,,,100,0,0,100,0,,,,,,,50,70,5,5,0,0,0,25,0,20,25,20,5,0,5,5,0,0,5,0,5,0,5,0,0,0,25,5,25
23,59,d99204,1999/0204(COD),beeflabels,d99204i1,81,86,81,81,,,,81,,100,100,100,52,,81,52,,,81,,81,,81,,,,81,81,81,0,86,,,,,,,50,90,50,50,0,0,0,50,0,70,70,60,90,0,50,90,0,0,50,0,50,0,50,0,0,0,50,50,50
23,60,d99204,1999/0204(COD),beeflabels,d99204i2,52,100,52,52,,,,52,,100,100,100,52,,52,52,,,52,,52,,52,,,,52,52,52,0,76,,,,,,,70,80,50,50,0,0,0,50,0,50,80,80,60,0,50,50,0,0,50,0,50,0,50,0,0,0,50,50,50
23,61,d99204,1999/0204(COD),beeflabels,d99204i3,100,60,60,50,,,,50,,85,100,85,40,,20,40,,,50,,40,,50,,,,40,50,50,0,20,,,,,,,60,50,30,30,0,0,0,30,0,60,60,50,30,0,30,30,0,0,30,0,40,0,30,0,0,0,30,30,30
23,62,d99204,1999/0204(COD),beeflabels,d99204i4,80,100,80,60,,,,60,,80,80,80,80,,20,20,,,80,,20,,80,,,,35,60,60,0,60,,,,,,,80,90,50,50,0,0,0,50,0,60,80,70,20,0,90,60,0,0,50,0,60,0,50,0,0,0,70,50,50
24,63,d99217,1999/0217(COD),beeftrade,d99217i1,0,20,100,0,,,,0,,0,0,0,,,0,0,,,0,,0,,,,,,0,0,,100,0,,,,,,,100,60,50,80,0,0,0,10,0,10,100,10,0,0,10,100,0,0,10,0,10,0,0,0,0,0,10,10,0
25,64,d99238,1999/0238(COD),toys,d99238i1,25,100,100,75,,,,100,,75,25,100,90,,0,75,,,90,,0,,25,,,,0,100,0,0,40,,,,,,,90,90,90,75,0,0,0,90,0,60,50,90,60,0,75,75,0,0,60,0,75,0,50,0,0,0,90,90,90
25,65,d99238,1999/0238(COD),toys,d99238i2,33,100,0,,,,,0,,0,67,0,,,,,,,,,67,,67,,,,67,0,67,0,67,,,,,,,40,90,50,0,0,0,0,40,0,50,50,50,0,0,0,0,0,0,0,0,50,0,50,0,0,0,90,50,90
25,66,d99238,1999/0238(COD),toys,d99238i3,100,20,0,20,,,,0,,90,90,0,10,,100,100,,,10,,100,,90,,,,100,0,100,,10,,,,,,,80,80,50,40,0,0,0,50,0,50,50,50,40,0,30,30,0,0,40,0,30,0,50,0,0,0,30,50,30
26,67,d99244,1999/0244(COD),tobacco,d99244i1,100,100,0,100,,,,100,,100,100,0,0,,100,100,,,0,,100,,100,,,,0,100,100,0,90,,,,,,,80,50,70,60,0,0,0,50,0,60,60,80,75,0,60,70,0,0,70,0,50,0,50,0,0,0,45,50,50
26,68,d99244,1999/0244(COD),tobacco,d99244i2,50,100,0,50,,,,50,,50,50,0,25,,50,50,,,0,,50,,50,,,,50,50,50,0,95,,,,,,,75,85,60,70,0,0,0,50,0,75,70,60,75,0,75,75,0,0,60,0,60,0,60,0,0,0,75,70,85
26,69,d99244,1999/0244(COD),tobacco,d99244i3,40,40,100,100,,,,60,,60,100,100,40,,100,40,,,40,,40,,40,,,,100,60,40,0,65,,,,,,,60,50,55,75,0,0,0,75,0,60,80,55,45,0,80,50,0,0,55,0,50,0,50,0,0,0,50,45,50
26,70,d99244,1999/0244(COD),tobacco,d99244i4,0,,0,0,,,,0,,0,100,100,0,,100,0,,,,,0,,0,,,,100,0,100,0,50,,,,,,,80,0,0,55,0,0,0,50,0,55,60,70,40,0,70,60,0,0,0,0,50,0,50,0,0,0,70,55,70
26,71,d99244,1999/0244(COD),tobacco,d99244i5,50,100,25,100,,,,50,,100,100,25,50,,100,100,,,50,,25,,25,,,,50,100,100,0,95,,,,,,,50,50,65,70,0,0,0,50,0,70,70,80,60,0,70,70,0,0,65,0,55,0,65,0,0,0,70,70,70
27,72,d99252,1999/0252(COD),rail,d99252i1,100,85,75,90,,,,50,,,90,90,,,,75,,,90,,95,,,,,,60,70,50,0,80,,,,,,,35,25,25,35,0,0,0,15,0,0,35,45,0,0,0,10,0,0,35,0,25,0,0,0,0,0,45,15,40
27,73,d99252,1999/0252(COD),rail,d99252i2,100,73,80,80,,,,100,,100,100,80,100,,100,100,,,100,,100,,100,,,,80,100,67,0,90,,,,,,,25,5,15,10,0,0,0,0,0,0,0,15,0,0,0,0,0,0,0,0,0,0,0,0,0,0,0,0,20
27,74,d99252,1999/0252(COD),rail,d99252i3,100,70,83,87,,,,,,83,87,67,100,,100,,,,87,,83,,,,,,67,,67,0,87,,,,,,,25,25,5,5,0,0,0,0,0,5,5,20,5,0,5,0,0,0,5,0,5,0,0,0,0,0,20,0,20
28,75,d99275,1999/0275(COD),MEDIA,d99275i1,100,100,100,100,,,,100,,100,100,0,100,,100,100,,,100,,0,,100,,,,100,100,0,0,50,,,,,,,100,100,50,50,0,0,0,75,0,75,50,50,50,0,50,50,0,0,50,0,50,0,50,0,0,0,50,75,50
29,76,n00030,2000/0030(CNS),visas,n00030i1,100,100,0,0,,,,0,,0,0,0,0,,,0,,,0,,0,,0,,,,0,0,0,0,0,,,,,,,70,50,20,20,0,0,0,20,0,20,20,20,20,0,0,20,0,0,20,0,20,0,20,0,0,0,100,20,100
29,77,n00030,2000/0030(CNS),visas,n00030i2,100,100,0,0,,,,0,,0,0,0,0,,0,0,,,0,,0,,0,,,,0,0,0,,0,,,,,,,70,60,50,50,0,0,0,50,0,50,70,70,50,0,50,50,0,0,50,0,50,0,50,0,0,0,50,50,50
29,78,n00030,2000/0030(CNS),visas,n00030i3,100,100,0,0,,,,0,,0,0,0,0,,0,0,,,0,,0,,0,,,,0,0,0,,0,,,,,,,90,50,100,90,0,0,0,70,0,70,80,90,70,0,50,80,0,0,70,0,70,0,70,0,0,0,70,70,70
29,79,n00030,2000/0030(CNS),visas,n00030i4,100,100,0,0,,,,0,,0,0,0,0,,0,0,,,0,,0,,0,,,,0,0,0,,100,,,,,,,90,60,70,90,0,0,0,70,0,20,60,90,50,0,20,50,0,0,10,0,60,0,40,0,0,0,50,20,50
29,80,n00030,2000/0030(CNS),visas,n00030i5,0,0,0,0,,,,0,,0,0,0,0,,0,0,,,0,,0,,0,,,,100,0,0,,0,,,,,,,50,50,60,60,0,0,0,20,0,20,70,70,20,0,20,30,0,0,10,0,60,0,70,0,0,0,90,20,70
29,81,n00030,2000/0030(CNS),visas,n00030i6,100,100,0,0,,,,0,,0,0,0,0,,0,0,,,0,,100,,100,,,,0,0,100,,10,,,,,,,50,50,50,50,0,0,0,50,0,30,50,50,50,0,10,50,0,0,10,0,60,0,95,0,0,0,50,30,90
30,82,n00127,2000/0127(CNS),massinflux,n00127i1,100,100,100,100,,,,100,,100,0,100,100,,100,100,,,100,,100,,0,,,,0,100,100,,100,,,,,,,80,90,60,20,0,0,0,0,0,50,40,70,10,0,10,70,0,0,20,0,50,0,20,0,0,0,30,50,50
30,83,n00127,2000/0127(CNS),massinflux,n00127i2,40,,0,75,,,,40,,40,40,75,40,,40,100,,,40,,0,,40,,,,40,40,40,,60,,,,,,,60,0,70,20,0,0,0,0,0,20,30,40,10,0,10,30,0,0,20,0,60,0,10,0,0,0,20,20,20
30,84,n00127,2000/0127(CNS),massinflux,n00127i3,100,,100,100,,,,,,100,0,100,0,,0,0,,,100,,100,,0,,,,0,100,100,0,0,,,,,,,70,0,50,20,0,0,0,0,0,60,80,70,50,0,10,70,0,0,20,0,50,0,40,0,0,0,60,50,40
31,85,n00223,2000/0223(CNS),vat,n00223i1,100,100,100,100,,,,100,,100,100,100,100,,100,100,,,0,,100,,100,,,,100,100,100,0,100,,,,,,,70,70,70,70,0,0,0,70,0,70,70,70,70,0,70,70,0,0,90,0,70,0,70,0,0,0,70,70,70
31,86,n00223,2000/0223(CNS),vat,n00223i2,100,0,100,100,,,,100,,100,100,100,100,,100,100,,,100,,100,,100,,,,100,100,100,,100,,,,,,,60,80,60,60,0,0,0,60,0,60,60,60,60,0,60,60,0,0,60,0,60,0,60,0,0,0,60,60,60
32,87,n00250,2000/0250(CNS),CMOsugar,n00250i1,0,100,100,100,,,,0,,100,100,0,100,,100,100,,,100,,0,,100,,,,100,0,0,0,50,,,,,,,100,100,100,100,0,0,0,100,0,60,100,60,60,0,80,60,0,0,90,0,100,0,60,0,0,0,60,100,100
32,88,n00250,2000/0250(CNS),CMOsugar,n00250i2,0,100,100,100,,,,100,,100,100,100,100,,100,100,,,100,,100,,100,,,,100,100,100,0,0,,,,,,,70,60,60,60,0,0,0,60,0,60,60,60,60,0,60,60,0,0,60,0,60,0,60,0,0,0,60,60,60
32,89,n00250,2000/0250(CNS),CMOsugar,n00250i3,0,100,100,100,,,,100,,100,100,100,100,,100,100,,,100,,100,,100,,,,100,100,100,0,0,,,,,,,80,60,60,60,0,0,0,60,0,100,60,60,60,0,60,60,0,0,60,0,60,0,60,0,0,0,60,60,60
33,90,n00358,2000/0358(CNS),oliveoil,n00358i1,0,,0,0,,,,0,,0,100,0,100,,0,100,,,0,,0,,100,,,,100,0,0,0,33,,,,,,,90,0,10,10,0,0,0,60,0,10,50,60,80,0,10,65,0,0,10,0,10,0,80,0,0,0,30,10,60
33,91,n00358,2000/0358(CNS),oliveoil,n00358i2,30,100,30,30,,,,30,,30,60,30,100,,30,100,,,30,,30,,100,,,,100,30,30,0,30,,,,,,,80,90,10,10,0,0,0,10,0,10,60,30,100,0,10,90,0,0,10,0,10,0,90,0,0,0,90,10,30
33,92,n00358,2000/0358(CNS),oliveoil,n00358i3,0,,,,,,,25,,,60,100,100,,,100,,,,,,,0,,,,0,,,0,0,,,,,,,80,0,0,0,0,0,0,50,0,0,70,25,100,0,0,90,0,0,0,0,0,0,50,0,0,0,90,0,0
33,93,n00358,2000/0358(CNS),oliveoil,n00358i4,100,0,0,0,,,,0,,0,0,0,0,,0,0,,,0,,0,,0,,,,0,0,0,0,0,,,,,,,70,70,30,30,0,0,0,60,0,30,70,60,70,0,30,70,0,0,30,0,30,0,70,0,0,0,80,30,60
33,94,n00358,2000/0358(CNS),oliveoil,n00358i5,,,,,,,,,,70,100,,70,,,30,,,,,0,,,,,,0,,70,0,0,,,,,,,0,0,0,0,0,0,0,0,0,30,75,0,60,0,0,60,0,0,0,0,30,0,0,0,0,0,60,0,50
34,95,n0062B,2000/0062B(CNS),landmines,n0062Bi1,100,100,100,100,,,,100,,100,100,100,100,,100,100,,,100,,0,,100,,,,100,100,100,100,100,,,,,,,50,100,50,50,0,0,0,50,0,50,80,50,50,0,50,100,0,0,50,0,100,0,50,0,0,0,90,50,50
35,96,n96114,1996/0114(CNS),honey,n96114i1,100,,20,40,,,,0,,0,60,20,60,,20,60,,,20,,20,,50,,,,60,0,0,0,60,,,,,,,90,0,20,20,0,0,0,50,0,50,50,50,20,0,20,40,0,0,20,0,20,0,20,0,0,0,40,50,50
35,97,n96114,1996/0114(CNS),honey,n96114i2,80,,80,70,,,,20,,20,100,20,100,,40,100,,,55,,0,,100,,,,100,20,0,0,80,,,,,,,70,0,20,50,0,0,0,20,0,20,80,20,80,0,20,80,0,0,20,0,40,0,80,0,0,0,80,20,40
35,98,n96114,1996/0114(CNS),honey,n96114i3,100,,0,100,,,,0,,0,100,0,100,,100,100,,,,,100,,100,,,,100,0,0,0,0,,,,,,,70,0,70,70,0,0,0,60,0,20,40,70,40,0,40,40,0,0,0,0,20,0,50,0,0,0,60,20,90
36,99,n96115,1996/0115(CNS),juices,n96115i1,0,,0,0,,,,0,,,100,0,100,,0,100,,,0,,0,,0,,,,100,0,0,0,70,,,,,,,50,0,70,70,0,0,0,70,0,0,70,70,60,0,50,70,0,0,70,0,70,0,50,0,0,0,60,50,50
36,100,n96115,1996/0115(CNS),juices,n96115i2,,,,,,,,,,,0,,,,,0,,,,,,,,,,,0,100,50,100,50,,,,,,,0,0,0,0,0,0,0,0,0,0,50,0,0,0,0,70,0,0,0,0,0,0,0,0,0,0,50,40,50
37,101,n96160,1996/0160(CNS),fishcons,n96160i1,100,45,,0,,,,45,,45,0,45,,,0,,,,,,45,,0,,,,0,45,45,0,45,,,,,,,85,60,0,60,0,0,0,80,0,60,75,60,0,0,60,0,0,0,0,0,75,0,60,0,0,0,75,60,75
38,102,n98087,1998/0087(CNS),taxcompani,n98087i1,50,,,,,,,,,,20,100,,,20,,,,,,,,,,,,,,0,0,0,,,,,,,50,0,0,0,0,0,0,0,0,0,60,20,0,0,60,0,0,0,0,0,0,0,0,0,0,0,0,0,70
38,103,n98087,1998/0087(CNS),taxcompani,n98087i2,100,,50,50,,,,100,,100,100,0,0,,100,0,,,100,,100,,0,,,,100,100,100,0,100,,,,,,,80,0,70,70,0,0,0,50,0,50,60,70,90,0,50,70,0,0,50,0,50,0,90,0,0,0,50,50,50
39,104,n98092,1998/0092(CNS),hens,n98092i1,50,100,100,0,,,,100,,100,0,50,0,,0,0,,,,,50,,0,,,,0,50,100,0,100,,,,,,,50,50,70,60,0,0,0,70,0,70,60,50,60,0,60,60,0,0,0,0,50,0,60,0,0,0,60,50,70
39,105,n98092,1998/0092(CNS),hens,n98092i2,100,67,67,0,,,,67,,67,0,67,0,,0,0,,,67,,67,,0,,,,0,67,67,,34,,,,,,,60,50,70,50,0,0,0,50,0,70,50,70,50,0,50,50,0,0,50,0,70,0,50,0,0,0,50,70,70
39,106,n98092,1998/0092(CNS),hens,n98092i3,20,40,40,0,,,,40,,40,0,40,0,,0,0,,,,,100,,0,,,,0,40,40,,20,,,,,,,60,60,70,60,0,0,0,60,0,70,60,70,60,0,60,60,0,0,0,0,70,0,60,0,0,0,60,70,70
39,107,n98092,1998/0092(CNS),hens,n98092i4,50,0,100,0,,,,100,,100,0,100,0,,0,0,,,100,,100,,0,,,,0,100,100,,100,,,,,,,50,50,50,60,0,0,0,50,0,50,60,50,60,0,60,60,0,0,0,0,60,0,60,0,0,0,60,50,60
39,108,n98092,1998/0092(CNS),hens,n98092i5,0,100,60,0,,,,100,,60,0,60,0,,0,0,,,,,100,,0,,,,0,100,100,0,80,,,,,,,50,50,70,60,0,0,0,70,0,70,60,50,60,0,60,60,0,0,0,0,70,0,60,0,0,0,60,50,70
39,109,n98092,1998/0092(CNS),hens,n98092i6,0,60,0,100,,,,0,,0,100,0,100,,100,100,,,100,,0,,100,,,,100,0,0,,60,,,,,,,10,10,20,60,0,0,0,20,0,20,60,20,60,0,60,60,0,0,20,0,20,0,60,0,0,0,60,20,20
40,110,n98109,1998/0109(CNS),CMObeef,n98109i1,30,50,50,50,,,,0,,70,70,50,80,,80,70,,,50,,50,,80,,,,80,0,0,100,50,,,,,,,50,60,50,50,0,0,0,60,0,60,80,50,60,0,80,60,0,0,50,0,60,0,60,0,0,0,60,70,70
40,111,n98109,1998/0109(CNS),CMObeef,n98109i2,30,30,30,30,,,,0,,100,100,30,100,,100,100,,,30,,30,,100,,,,100,0,0,,50,,,,,,,60,60,60,60,0,0,0,60,0,60,80,50,70,0,80,70,0,0,60,0,50,0,70,0,0,0,70,60,60
41,112,n98110,1998/0110(CNS),CMOmilk,n98110i1,40,,100,100,,,,0,,100,100,100,70,,70,0,,,100,,60,,100,,,,70,0,0,100,80,,,,,,,90,0,70,60,0,0,0,60,0,70,90,50,40,0,60,60,0,0,60,0,50,0,50,0,0,0,40,60,60
41,113,n98110,1998/0110(CNS),CMOmilk,n98110i2,70,,100,100,,,,0,,100,100,100,60,,70,0,,,100,,70,,100,,,,60,0,0,100,35,,,,,,,30,0,60,50,0,0,0,60,0,60,50,40,70,0,40,90,0,0,50,0,40,0,50,0,0,0,70,60,70
42,114,n98189,1998/0189(CNS),cigtax,n98189i1,100,75,75,75,,,,0,,,75,75,25,,0,100,,,100,,100,,100,,,,100,,0,0,50,,,,,,,75,0,75,75,0,0,0,100,0,0,75,75,75,0,75,75,0,0,75,0,75,0,75,0,0,0,75,0,100
42,115,n98189,1998/0189(CNS),cigtax,n98189i2,100,,,,,,,,,,,0,,,,,,,,,,,,,,,,,,0,0,,,,,,,50,0,0,0,0,0,0,0,0,0,0,100,0,0,0,0,0,0,0,0,0,0,0,0,0,0,0,0,0
43,116,n98193,1998/0193(CNS),savingstax,n98193i1,100,100,100,100,,,,100,,100,100,100,100,,100,100,,,0,,100,,100,,,,100,100,0,0,100,,,,,,,80,90,60,70,0,0,0,70,0,60,90,50,50,0,50,100,0,0,90,0,70,0,60,0,0,0,100,70,70
43,117,n98193,1998/0193(CNS),savingstax,n98193i2,46,46,46,31,,,,69,,46,46,46,46,,46,46,,,23,,69,,46,,,,46,69,100,0,85,,,,,,,50,30,90,60,0,0,0,70,0,50,50,50,50,0,50,50,0,0,100,0,70,0,50,0,0,0,50,70,100
43,118,n98193,1998/0193(CNS),savingstax,n98193i3,100,,0,,,,,,,,100,80,,,,100,,,0,,,,,,,,,,50,,0,,,,,,,70,0,90,0,0,0,0,0,0,0,70,70,0,0,0,70,0,0,100,0,0,0,0,0,0,0,0,0,70
44,119,n98288,1998/0288(CNS),Art8586,n98288i1,50,,70,50,,,,50,,50,50,30,50,,50,70,,,100,,0,,70,,,,30,50,70,,50,,,,,,,30,0,50,50,0,0,0,50,0,50,50,50,50,0,50,50,0,0,50,0,30,0,50,0,0,0,50,50,60
44,120,n98288,1998/0288(CNS),Art8586,n98288i2,0,,0,0,,,,0,,0,100,0,0,,0,0,,,0,,0,,0,,,,0,0,0,0,30,,,,,,,80,0,40,40,0,0,0,40,0,40,80,40,40,0,40,40,0,0,40,0,40,0,40,0,0,0,40,40,40
44,121,n98288,1998/0288(CNS),Art8586,n98288i3,50,,100,100,,,,100,,100,50,100,50,,50,100,,,100,,100,,100,,,,50,100,0,,50,,,,,,,70,0,50,50,0,0,0,50,0,50,50,50,50,0,50,50,0,0,50,0,50,0,50,0,0,0,50,50,70
45,122,n98299,1998/0299(CNS),ECTurkey,n98299i1,100,100,100,100,,,,100,,100,100,100,0,,100,100,,,100,,100,,100,,,,100,100,100,0,100,,,,,,,90,90,90,90,0,0,0,90,0,90,90,90,90,0,90,90,0,0,90,0,90,0,90,0,0,0,90,90,90
45,123,n98299,1998/0299(CNS),ECTurkey,n98299i2,0,100,0,0,,,,0,,0,0,0,100,,0,0,,,0,,0,,0,,,,0,100,0,,0,,,,,,,60,95,70,70,0,0,0,70,0,70,70,70,70,0,70,70,0,0,70,0,70,0,70,0,0,0,70,70,70
46,124,n98331,1998/0331(CNS),VAT,n98331i1,100,100,100,100,,,,100,,100,100,100,100,,100,100,,,0,,100,,100,,,,100,100,100,0,100,,,,,,,70,70,70,70,0,0,0,70,0,70,70,70,70,0,70,70,0,0,90,0,70,0,70,0,0,0,70,70,70
46,125,n98331,1998/0331(CNS),VAT,n98331i2,100,100,0,0,,,,0,,0,0,0,0,,0,0,,,0,,0,,0,,,,0,0,0,0,0,,,,,,,60,60,60,60,0,0,0,90,0,90,60,60,60,0,60,60,0,0,70,0,60,0,60,0,0,0,60,90,70
47,126,n98347,1998/0347(CNS),fishassist,n98347i1,10,100,5,100,,,,5,,100,100,100,100,,100,100,,,,,,,100,,,,100,100,0,100,100,,,,,,,60,65,40,70,0,0,0,50,0,40,75,75,65,0,70,65,0,0,0,0,0,0,70,0,0,0,60,65,65
47,127,n98347,1998/0347(CNS),fishassist,n98347i2,0,60,30,50,,,,30,,30,60,30,50,,60,60,,,,,100,,50,,,,60,30,30,100,30,,,,,,,90,60,50,50,0,0,0,70,0,40,50,50,50,0,60,50,0,0,0,0,90,0,50,0,0,0,50,50,60
48,128,n98354,1998/0354(CNS),civilprote,n98354i1,30,100,30,30,,,,0,,30,30,0,100,,50,100,,,30,,30,,100,,,,30,30,30,,0,,,,,,,50,70,60,50,0,0,0,50,0,50,60,70,90,0,60,90,0,0,60,0,60,0,90,0,0,0,70,50,50
48,129,n98354,1998/0354(CNS),civilprote,n98354i2,70,70,70,70,,,,70,,70,70,0,70,,70,70,,,70,,100,,70,,,,70,70,70,,70,,,,,,,95,70,70,60,0,0,0,70,0,70,60,70,70,0,50,80,0,0,70,0,90,0,70,0,0,0,60,70,60
49,130,n99047,1999/0047(CNS),CMOfish,n99047i1,70,90,,40,,,,40,,,100,0,70,,,70,,,,,0,,90,,,,100,80,50,0,90,,,,,,,70,0,0,50,0,0,0,75,0,0,70,75,50,0,0,70,0,0,0,0,75,0,50,0,0,0,95,50,50
49,131,n99047,1999/0047(CNS),CMOfish,n99047i2,40,55,,90,,,,30,,,100,0,,,70,40,,,,,30,,70,,,,70,30,30,90,40,,,,,,,70,0,0,50,0,0,0,75,0,0,100,75,0,0,75,60,0,0,0,0,75,0,100,0,0,0,90,75,75
49,132,n99047,1999/0047(CNS),CMOfish,n99047i3,25,100,,100,,,,25,,90,,0,,,0,25,,,,,25,,90,,,,90,40,60,100,40,,,,,,,80,0,0,50,0,0,0,90,0,75,0,100,0,0,100,100,0,0,0,0,75,0,60,0,0,0,100,75,75
50,133,n99050,1999/0050(CNS),fishbehave,n99050i1,100,100,,20,,,,20,,20,20,20,0,,20,0,,,,,20,,20,,,,20,20,20,0,30,,,,,,,80,50,0,60,0,0,0,70,0,60,70,60,80,0,70,80,0,0,0,0,70,0,70,0,0,0,70,60,70
51,134,n99056,1999/0056(CNS),VATlab,n99056i1,100,0,40,0,,,,90,,20,0,90,90,,20,50,,,0,,0,,40,,,,90,20,80,100,40,,,,,,,40,60,100,100,0,0,0,20,0,20,100,20,50,0,20,60,0,0,85,0,100,0,100,0,0,0,50,20,20
52,135,n99072,1999/0072(CNS),vetprod,n99072i1,100,89,67,67,,,,67,,67,67,67,67,,67,67,,,67,,67,,67,,,,67,67,67,0,89,,,,,,,75,75,75,75,0,0,0,75,0,75,75,75,75,0,75,75,0,0,75,0,75,0,75,0,0,0,75,75,75
52,136,n99072,1999/0072(CNS),vetprod,n99072i2,,,0,0,,,,0,,0,0,0,100,,0,0,,,0,,0,,100,,,,100,0,0,50,50,,,,,,,0,0,50,50,0,0,0,50,0,50,50,50,30,0,50,50,0,0,50,0,50,0,30,0,0,0,30,50,50
52,137,n99072,1999/0072(CNS),vetprod,n99072i3,,,0,0,,,,0,,0,0,0,100,,0,0,,,0,,0,,100,,,,100,0,0,50,50,,,,,,,0,0,30,30,0,0,0,30,0,30,30,30,60,0,30,30,0,0,30,0,30,0,60,0,0,0,60,30,30
53,138,n99092,1999/0092(CNS),forest,n99092i1,0,0,0,0,,,,100,,0,0,0,0,,0,0,,,0,,0,,0,,,,0,0,0,0,0,,,,,,,100,100,0,0,0,0,0,100,0,0,50,50,0,0,50,0,0,0,0,0,50,0,0,0,0,0,0,50,50
53,139,n99092,1999/0092(CNS),forest,n99092i2,100,100,,,,,,,,100,0,0,,,,,,,,,,,100,,,,,100,100,0,50,,,,,,,100,100,0,0,0,0,0,0,0,100,100,100,0,0,0,0,0,0,0,0,0,0,75,0,0,0,0,100,75
53,140,n99092,1999/0092(CNS),forest,n99092i3,0,0,0,0,,,,0,,0,100,0,100,,0,0,,,0,,0,,100,,,,100,0,0,0,100,,,,,,,50,50,100,50,0,0,0,50,0,50,75,75,100,0,50,50,0,0,0,0,75,0,100,0,0,0,100,50,50
54,141,n99116,1999/0116(CNS),Eurodac,n99116i1,100,100,20,100,,,,,,100,0,20,,,,,,,,,80,,100,,,,0,100,,100,10,,,,,,,100,100,50,80,0,0,0,0,0,80,100,100,0,0,0,0,0,0,0,0,80,0,80,0,0,0,100,80,0
55,142,n99132,1999/0132(CNS),FYRM,n99132i1,100,100,100,100,,,,100,,100,100,100,0,,100,100,,,100,,100,,100,,,,100,100,100,,80,,,,,,,80,0,50,50,0,0,0,50,0,50,50,50,100,0,50,50,0,0,50,0,50,0,50,0,0,0,50,50,50
56,143,n99138,1999/0138(CNS),fishcontro,n99138i1,100,100,,40,,,,20,,40,20,40,0,,40,5,,,,,10,,20,,,,20,30,40,0,80,,,,,,,70,0,0,90,0,0,0,90,0,90,90,90,90,0,90,90,0,0,0,0,90,0,90,0,0,0,90,90,90
56,144,n99138,1999/0138(CNS),fishcontro,n99138i2,0,0,,0,,,,50,,0,100,0,,,90,,,,,,50,,100,,,,100,0,50,,40,,,,,,,80,0,0,80,0,0,0,80,0,80,90,80,0,0,80,0,0,0,0,0,80,0,100,0,0,0,90,80,80
57,145,n99151,1999/0151(CNS),budget,n99151i1,100,70,25,70,,,,25,,25,90,25,70,,70,70,,,70,,0,,70,,,,70,25,0,70,50,,,,,,,60,50,60,60,0,0,0,60,0,60,80,70,60,0,60,60,0,0,60,0,70,0,60,0,0,0,60,60,80
58,146,n99154,1999/0154(CNS),civiljudge,n99154i1,73,73,73,73,,,,73,,73,100,55,73,,0,73,,,36,,73,,73,,,,73,73,18,73,73,,,,,,,70,90,50,50,0,0,0,50,0,50,50,50,40,0,80,40,0,0,50,0,50,0,40,0,0,0,40,50,70
58,147,n99154,1999/0154(CNS),civiljudge,n99154i2,100,,50,50,,,,25,,25,100,50,100,,50,50,,,50,,50,,50,,,,50,25,0,50,50,,,,,,,90,0,40,40,0,0,0,50,0,70,70,50,70,0,40,40,0,0,40,0,40,0,40,0,0,0,40,70,90
59,148,n99163,1999/0163(CNS),fishdialog,n99163i1,100,100,100,100,,,,50,,100,35,0,100,,75,60,,,100,,35,,75,,,,75,100,35,35,100,,,,,,,100,0,90,100,0,0,0,50,0,90,50,100,90,0,80,70,0,0,0,0,80,0,80,0,0,0,80,90,50
59,149,n99163,1999/0163(CNS),fishdialog,n99163i2,100,100,50,50,,,,50,,50,0,100,50,,0,50,,,50,,0,,0,,,,0,0,0,50,50,,,,,,,80,0,50,50,0,0,0,100,0,80,80,80,80,0,90,80,0,0,0,0,90,0,80,0,0,0,80,100,80
60,150,n99192,1999/0192(CNS),employctte,n99192i1,100,,,92,,,,85,,93,83,85,80,,93,75,,,93,,83,,93,,,,67,93,85,0,88,,,,,,,90,0,0,30,0,0,0,30,0,10,70,50,70,0,20,70,0,0,50,0,40,0,30,0,0,0,90,30,50
60,151,n99192,1999/0192(CNS),employctte,n99192i2,100,78,,78,,,,78,,67,78,78,,,67,82,,,78,,78,,67,,,,92,70,78,0,70,,,,,,,50,70,0,50,0,0,0,30,0,10,50,60,0,0,20,50,0,0,70,0,80,0,30,0,0,0,30,50,40
61,152,n99202,1999/0202(CNS),cotton,n99202i1,80,100,60,60,,,,0,,60,80,80,100,,80,80,,,60,,0,,100,,,,100,0,60,100,70,,,,,,,90,90,90,90,0,0,0,90,0,90,90,90,50,0,90,70,0,0,90,0,90,0,70,0,0,0,50,90,90
61,153,n99202,1999/0202(CNS),cotton,n99202i2,0,100,0,0,,,,0,,0,0,0,100,,0,0,,,0,,0,,0,,,,100,0,0,0,50,,,,,,,80,50,90,80,0,0,0,80,0,80,80,80,70,0,80,70,0,0,80,0,80,0,70,0,0,0,70,80,80
62,154,n99214,1999/0214(CNS),MEDA,n99214i1,100,38,,,,,,38,,100,38,100,38,,,38,,,,,50,,38,,,,38,50,63,0,88,,,,,,,90,30,0,0,0,0,0,30,0,30,70,30,70,0,0,70,0,0,0,0,30,0,70,0,0,0,70,30,30
62,155,n99214,1999/0214(CNS),MEDA,n99214i2,100,,,100,,,,15,,15,100,30,100,,,100,,,100,,0,,100,,,,100,15,15,30,45,,,,,,,50,0,0,20,0,0,0,30,0,30,70,40,70,0,0,70,0,0,10,0,40,0,70,0,0,0,70,30,40
63,156,n99225,1999/0225(CNS),equal,n99225i1,60,,60,100,,,,60,,60,100,40,60,,40,60,,,60,,80,,60,,,,60,60,40,0,40,,,,,,,50,0,10,50,0,0,0,10,0,10,50,90,10,0,100,20,0,0,10,0,30,0,10,0,0,0,10,10,100
63,157,n99225,1999/0225(CNS),equal,n99225i2,55,,,,,,,,,40,55,40,,,40,,,,,,40,,,,,,,,100,0,100,,,,,,,80,0,0,0,0,0,0,0,0,60,20,60,0,0,50,0,0,0,0,0,60,0,0,0,0,0,0,0,95
64,158,n99235,1999/0235(CNS),bananas,n99235i1,50,100,0,0,,,,0,,0,100,0,100,,100,100,,,0,,0,,100,,,,100,0,100,100,0,,,,,,,50,70,50,50,0,0,0,50,0,50,100,50,20,0,70,50,0,0,50,0,50,0,100,0,0,0,100,50,70
64,159,n99235,1999/0235(CNS),bananas,n99235i2,40,75,0,0,,,,0,,0,100,0,40,,75,40,,,0,,0,,100,,,,100,0,75,100,40,,,,,,,20,80,50,50,0,0,0,50,0,50,90,50,50,0,70,50,0,0,50,0,50,0,90,0,0,0,90,50,70
65,160,n99236,1999/0236(CNS),flax,n99236i1,0,70,70,10,,,,70,,70,10,70,0,,70,0,,,70,,10,,70,,,,100,70,70,100,35,,,,,,,60,30,30,30,0,0,0,30,0,30,30,40,15,0,10,10,0,0,10,0,30,0,30,0,0,0,50,30,40
65,161,n99236,1999/0236(CNS),flax,n99236i2,80,0,,100,,,,0,,,100,,,,,,,,,,100,,,,,,,0,0,100,50,,,,,,,60,20,0,60,0,0,0,20,0,0,60,0,0,0,0,0,0,0,0,0,60,0,0,0,0,0,0,20,20
66,162,n99246,1999/0246(CNS),CMOmilk,n99246i1,0,50,,50,,,,100,,100,100,100,0,,100,0,,,0,,0,,100,,,,100,100,0,100,50,,,,,,,70,70,0,50,0,0,0,50,0,40,70,60,50,0,50,40,0,0,40,0,50,0,50,0,0,0,70,50,50
66,163,n99246,1999/0246(CNS),CMOmilk,n99246i2,0,50,0,0,,,,67,,100,0,0,0,,0,0,,,0,,0,,0,,,,0,100,0,0,67,,,,,,,50,60,30,30,0,0,0,70,0,80,30,30,30,0,30,30,0,0,30,0,30,0,30,0,0,0,30,75,30
67,164,n99255,1999/0255(CNS),fishjuv,n99255i1,100,100,100,100,,,,0,,100,100,100,100,,100,100,,,100,,100,,100,,,,100,0,100,0,100,,,,,,,50,60,0,40,0,0,0,70,0,50,60,60,0,0,50,0,0,0,0,0,60,0,40,0,0,0,10,70,70
67,165,n99255,1999/0255(CNS),fishjuv,n99255i2,100,,,,,,,,,,,,,,,,,,,,,,100,,,,83,,,0,92,,,,,,,50,0,0,0,0,0,0,0,0,0,0,0,0,0,0,0,0,0,0,0,0,0,65,0,0,0,65,0,0
68,166,n99274,1999/0274(CNS),ERF,n99274i1,100,100,100,100,,,,100,,100,100,0,100,,100,100,,,100,,100,,100,,,,100,100,100,,100,,,,,,,50,80,80,50,0,0,0,40,0,70,80,100,30,0,50,90,0,0,20,0,80,0,70,0,0,0,100,70,80
68,167,n99274,1999/0274(CNS),ERF,n99274i2,0,0,100,100,,,,,,100,0,0,100,,100,100,,,100,,0,,100,,,,100,0,0,,20,,,,,,,20,90,100,50,0,0,0,0,0,80,80,100,60,0,80,80,0,0,90,0,90,0,80,0,0,0,90,70,95
68,168,n99274,1999/0274(CNS),ERF,n99274i3,100,0,0,0,,,,0,,0,0,0,0,,0,0,,,0,,0,,0,,,,0,0,0,,0,,,,,,,80,60,50,50,0,0,0,40,0,40,40,70,60,0,50,50,0,0,40,0,50,0,50,0,0,0,50,40,60
69,169,n99276,1999/0276(CNS),MEDIApl,n99276i1,70,100,70,80,,,,74,,70,70,60,80,,90,100,,,80,,40,,70,,,,80,70,50,0,70,,,,,,,70,90,70,70,0,0,0,70,0,70,90,70,70,0,80,80,0,0,70,0,80,0,70,0,0,0,70,70,80
69,170,n99276,1999/0276(CNS),MEDIApl,n99276i2,80,80,20,20,,,,50,,20,100,75,20,,0,75,,,20,,50,,0,,,,75,75,90,,80,,,,,,,70,70,70,70,0,0,0,70,0,50,90,70,70,0,90,70,0,0,70,0,50,0,90,0,0,0,70,70,90
69,171,n99276,1999/0276(CNS),MEDIApl,n99276i3,50,50,0,0,,,,0,,0,100,100,0,,0,100,,,100,,0,,0,,,,100,0,100,,50,,,,,,,70,70,80,80,0,0,0,80,0,80,90,70,80,0,80,70,0,0,70,0,70,0,70,0,0,0,90,90,70
69,172,n99276,1999/0276(CNS),MEDIApl,n99276i4,20,50,50,40,,,,50,,50,0,30,50,,85,50,,,100,,50,,50,,,,0,50,30,,40,,,,,,,50,50,50,50,0,0,0,50,0,50,80,50,80,0,70,50,0,0,80,0,50,0,50,0,0,0,50,50,50
69,173,n99276,1999/0276(CNS),MEDIApl,n99276i5,42,42,42,42,,,,42,,42,42,0,42,,42,42,,,42,,42,,42,,,,42,42,100,,42,,,,,,,40,40,40,40,0,0,0,40,0,40,40,60,40,0,40,40,0,0,40,0,40,0,40,0,0,0,40,40,60
70,174,a04163,2004/0167(COD),ERDF,d04167i1,0,0,0,0,,100,100,0,100,0,0,0,0,100,0,100,100,100,0,100,0,100,0,,100,100,0,0,0,0,100,0,0,0,0,100,100,70,80,30,50,0,80,80,40,70,40,40,40,50,80,50,60,70,70,20,70,30,90,50,0,70,90,40,40,40
70,175,a04163,2004/0167(COD),ERDF,d04167i2,0,0,0,0,,0,100,0,100,0,0,0,0,100,0,0,100,100,0,0,0,100,0,,100,100,0,0,0,0,40,0,0,0,0,0,100,90,50,40,40,0,60,90,50,80,40,50,50,40,90,30,40,80,80,30,60,40,90,30,0,70,90,40,40,40
71,176,d04167,2004/0167(COD),ERDF,d04167i3,0,,0,,,100,100,0,100,,0,0,100,100,,100,100,100,,100,0,100,100,,100,100,100,0,0,0,35,,,,,,,80,0,60,0,0,40,40,60,30,0,60,50,90,30,0,90,30,30,0,30,50,40,70,0,30,30,90,60,60
71,177,d04167,2004/0167(COD),ERDF,d04167i4,100,100,0,0,,0,0,0,0,0,0,0,0,0,0,60,0,0,0,0,0,0,0,,0,0,0,0,0,0,20,100,100,100,100,100,100,80,50,30,30,0,40,40,70,40,30,70,30,30,30,20,70,40,40,30,40,70,40,50,0,40,40,50,70,70
72,178,d04209,2004/0209(COD),worktime,d04209i1,80,100,50,100,,100,0,50,0,100,100,0,100,100,50,0,0,50,100,0,50,0,100,,0,0,100,100,0,0,0,100,100,100,100,100,0,30,90,50,50,0,50,50,30,90,50,80,30,50,50,30,70,30,30,50,90,30,50,50,0,30,60,80,50,90
72,179,d04209,2004/0209(COD),worktime,d04209i2,100,100,,,,0,0,0,0,0,100,100,,0,100,100,0,0,100,0,100,0,0,,100,0,0,0,100,0,0,100,100,100,100,100,100,30,50,0,0,0,30,50,80,30,50,50,80,0,30,50,30,30,30,70,30,70,30,50,0,50,50,50,30,30
72,180,d04209,2004/0209(COD),worktime,d04209i3,0,100,0,0,,0,0,0,0,0,0,0,0,0,0,0,0,0,0,0,0,0,0,,0,0,0,0,0,0,0,100,100,100,100,100,0,100,100,80,80,0,80,80,90,90,80,100,100,60,100,90,50,100,80,80,100,90,100,90,0,90,100,80,100,90
73,181,d04218,2004/0218(COD),LIFE,d04218i1,0,100,70,80,,,0,80,25,50,100,100,0,,,25,25,25,80,25,80,25,0,,25,25,0,100,70,100,25,100,100,100,100,100,0,90,60,75,75,0,0,50,75,50,75,90,90,50,0,0,50,50,50,30,50,75,50,50,0,50,50,50,90,30
73,182,d04218,2004/0218(COD),LIFE,d04218i2,0,100,50,100,,100,100,50,100,,50,50,100,100,50,100,100,100,,100,50,100,100,,100,100,100,50,50,0,75,100,100,100,100,100,100,80,90,70,80,0,80,50,50,75,0,60,60,80,80,70,50,80,75,0,75,70,80,90,0,90,75,90,70,50
73,183,d04218,2004/0218(COD),LIFE,d04218i3,0,100,70,70,,0,0,70,0,70,100,100,,0,,,0,0,,0,70,0,,,0,0,,100,100,0,40,,,,,,,70,50,65,50,0,20,20,50,20,50,90,90,0,20,0,0,20,20,0,20,50,20,0,0,20,20,0,80,30
74,184,d04219,2004/0219(COD),ENPI,d04219i1,0,,100,0,,100,100,0,75,0,100,100,100,100,75,100,100,75,0,100,100,75,0,,100,100,100,75,0,,75,,,,,,,80,0,30,70,0,30,30,70,30,70,80,70,60,30,30,80,30,50,30,30,30,50,30,0,30,30,70,50,60
74,185,d04219,2004/0219(COD),ENPI,d04219i2,0,100,0,0,,,,40,,40,0,30,0,,,0,30,,,,,30,,,,,0,40,30,,30,100,100,100,100,100,100,70,80,20,30,0,0,0,50,0,50,80,70,30,0,0,80,30,0,0,0,0,40,0,0,0,0,80,50,30
74,186,d04219,2004/0219(COD),ENPI,d04219i3,0,0,0,0,,80,0,0,0,0,100,0,80,0,0,100,0,0,0,80,,0,0,,0,0,0,0,0,,25,0,0,0,0,0,0,70,30,30,30,0,50,30,30,60,30,90,80,70,30,30,80,30,80,40,50,0,80,60,0,30,30,50,30,70
75,187,d04240,2004/0240(COD),ports,d04240i1,100,0,,0,,,,,,,0,0,0,,,100,0,0,,,0,0,100,,,,100,0,0,0,0,,,,,,,30,80,0,100,0,0,0,0,0,0,50,70,50,0,0,50,50,50,0,0,80,50,50,0,0,0,80,100,50
76,188,d05007,2005/0007(COD),redmob,d05007i1,100,67,,,,,,100,,100,0,33,100,0,100,100,,,,100,100,,,,,0,100,100,67,0,67,33,100,33,100,100,,60,50,0,0,0,0,0,70,0,50,60,70,50,50,50,70,0,0,0,50,70,0,0,0,0,50,60,70,30
77,189,d05028,2005/0028(COD),spirits,d05028i1,40,20,40,40,,0,20,100,100,100,0,40,0,40,0,0,100,100,,,40,100,,,,0,0,100,0,0,20,20,20,20,20,20,100,60,50,50,50,0,60,50,20,70,70,30,30,60,50,60,60,70,80,0,0,50,90,0,0,0,30,60,95,80
77,190,d05028,2005/0028(COD),spirits,d05028i2,100,0,80,80,,80,80,80,80,80,80,80,80,80,80,80,80,80,80,80,80,80,80,,80,80,80,80,80,0,70,0,70,0,,,,70,30,40,40,0,40,40,40,40,40,40,40,40,40,40,40,40,40,40,40,40,40,40,0,40,40,40,40,40
78,191,d05127,2005/0127(COD),IPR,d05127i1,100,100,60,0,,0,0,0,0,0,0,60,0,0,0,0,0,0,50,0,0,0,0,,50,0,0,0,0,0,,100,100,100,0,0,100,70,60,40,75,0,50,50,95,50,80,90,50,50,50,80,50,50,50,40,50,80,80,50,0,40,50,75,95,90
78,192,d05127,2005/0127(COD),IPR,d05127i2,100,0,0,100,,0,0,0,0,0,100,0,100,0,0,100,0,0,0,0,0,0,100,,0,0,100,0,0,0,,0,0,0,0,0,0,70,50,60,60,0,50,50,50,50,50,70,60,50,50,50,50,50,50,50,50,50,50,50,0,50,50,60,50,50
79,193,d05182,2005/0182(COD),dataret,d05182i1,30,70,100,30,,100,100,100,100,30,100,30,30,100,100,100,100,100,30,100,30,100,100,,100,100,100,100,100,0,100,100,70,60,0,0,100,50,90,90,30,0,90,90,90,90,30,90,30,30,90,90,90,90,90,30,90,30,90,90,0,90,90,90,90,90
79,194,d05182,2005/0182(COD),dataret,d05182i2,100,100,0,0,,0,0,0,0,0,0,0,0,0,0,0,0,0,0,0,0,0,0,,0,0,0,0,0,0,0,100,100,100,100,100,100,70,70,50,50,0,50,50,50,50,70,50,50,50,50,95,50,50,50,50,50,50,50,50,0,50,50,50,50,95
79,195,d05182,2005/0182(COD),dataret,d05182i3,90,75,90,100,,90,90,100,90,40,90,90,90,90,90,90,90,90,90,90,90,90,90,,90,90,90,90,90,0,90,90,75,40,0,0,90,80,75,80,90,0,80,80,90,80,90,80,80,80,80,80,80,80,80,80,80,80,80,80,0,80,80,80,80,80
79,196,d05182,2005/0182(COD),dataret,d05182i4,50,50,50,50,,50,50,50,50,50,50,50,50,50,90,100,50,50,50,50,50,50,50,,50,50,50,50,50,0,75,75,75,25,0,0,75,50,50,50,50,0,20,20,50,20,50,50,50,50,20,80,80,20,20,50,20,50,20,50,0,20,20,50,50,50
79,197,d05182,2005/0182(COD),dataret,d05182i5,0,100,0,0,,0,0,0,0,0,0,0,0,0,0,0,0,0,0,0,0,0,0,,0,0,0,0,0,0,20,20,20,100,100,100,20,50,90,50,50,0,50,50,50,50,50,50,50,50,50,50,50,50,50,50,50,50,50,50,0,50,50,50,50,50
80,198,d05183,2005/0183(COD),air,d05183i1,50,15,,100,,,0,100,0,,50,25,,0,,100,0,0,,,0,0,,,,0,,100,50,100,25,15,15,15,100,100,0,50,50,0,50,0,0,40,80,40,0,50,50,0,40,0,50,40,40,0,0,90,90,0,0,0,40,0,80,50
80,199,d05183,2005/0183(COD),air,d05183i2,50,60,,,,,0,,0,,,,,0,,,0,0,,,,0,,,,0,,100,100,0,45,60,70,60,100,100,60,60,60,0,0,0,0,40,0,40,0,0,0,0,40,0,0,40,40,0,0,0,90,0,0,0,40,0,90,70
81,200,d05214,2005/0214(COD),pensions,d05214i1,100,10,,100,,30,30,20,30,50,50,0,100,30,50,100,30,30,,30,0,30,50,,30,20,,0,50,0,,0,0,,100,0,0,30,60,0,50,0,60,60,50,60,20,40,60,20,60,20,20,60,60,0,60,70,60,40,0,60,70,0,50,20
81,201,d05214,2005/0214(COD),pensions,d05214i2,70,80,,70,,,,,,,,0,,,30,,,,70,,100,,,,,,30,30,30,0,,80,80,80,80,80,80,75,50,0,50,0,0,0,0,0,0,0,80,0,0,50,0,0,0,50,0,90,0,0,0,0,0,50,50,50
81,202,d05214,2005/0214(COD),pensions,d05214i3,60,100,0,60,,,,,,50,60,0,,,50,90,,,0,,90,,,,,,0,,50,0,,50,100,100,100,100,100,60,20,50,60,0,0,0,0,0,20,30,50,0,0,20,30,0,0,30,0,30,0,0,0,0,0,50,0,20
81,203,d05214,2005/0214(COD),pensions,d05214i4,100,100,0,100,,100,100,100,100,0,0,0,100,100,100,100,100,0,0,100,100,100,0,,100,100,0,100,100,,,0,100,100,100,100,,90,50,50,60,0,40,40,40,40,20,90,60,40,40,40,40,40,40,50,40,70,40,90,0,40,40,60,40,40
82,204,d05245,2005/0245(COD),payment,d05245i1,0,40,100,100,100,,0,0,100,0,100,100,100,100,0,100,100,100,100,0,0,0,100,0,0,0,100,0,0,,40,,,,,,,90,50,90,80,70,0,80,80,80,50,90,95,80,70,80,80,80,80,80,20,80,80,80,40,20,20,80,80,90
82,205,d05245,2005/0245(COD),payment,d05245i2,0,60,100,100,100,,0,0,100,0,100,100,100,100,0,100,100,100,100,,0,0,100,0,,,100,0,0,80,60,,,,,,,70,40,80,70,60,0,60,60,70,30,95,80,70,60,60,70,70,70,70,0,60,60,70,20,0,0,70,60,75
82,206,d05245,2005/0245(COD),payment,d05245i3,100,100,0,100,0,100,100,100,100,100,100,0,100,100,100,100,100,100,100,100,100,100,100,100,100,100,100,100,100,0,100,,,,,,,70,50,70,50,50,50,60,60,50,60,50,70,50,50,60,50,50,50,50,60,60,60,50,60,60,60,50,60,70
82,207,d05245,2005/0245(COD),payment,d05245i4,100,25,0,100,0,100,100,100,100,100,100,0,100,100,100,100,100,100,100,100,100,100,100,100,100,100,100,100,100,,25,,,,,,,50,30,55,30,30,30,40,40,30,40,30,55,30,30,40,30,30,30,30,40,40,40,30,40,40,40,30,40,50
83,208,d05260,2005/0260(COD),broadcas,d05260i1,100,100,100,100,,50,,50,,100,100,100,100,,100,,,,,,50,,,,,0,50,,0,0,50,100,100,0,100,,,90,80,50,50,0,50,0,50,0,20,70,50,50,0,30,0,0,0,0,0,50,0,0,0,0,85,30,0,90
83,209,d05260,2005/0260(COD),broadcas,d05260i2,77,66,,,,,,77,,,90,0,,,66,,,,0,,,,,,,,0,77,0,100,66,66,100,66,100,100,66,50,50,0,0,0,0,0,50,0,0,50,50,0,0,50,0,0,0,70,0,0,0,0,0,0,0,50,50,30
83,210,d05260,2005/0260(COD),broadcas,d05260i3,50,50,,100,,,,100,,,100,0,,,,100,,,0,,,,,,,,,100,0,100,50,50,100,50,100,100,,50,50,0,50,0,0,0,50,0,0,70,70,0,0,0,50,0,0,50,0,0,0,0,0,0,0,0,50,20
83,211,d05260,2005/0260(COD),broadcas,d05260i4,0,40,0,60,,60,60,60,60,60,0,100,100,60,60,60,60,60,60,0,60,60,60,,60,60,60,60,0,,40,100,100,0,100,100,,70,60,60,30,0,30,30,30,30,30,30,80,30,30,30,70,30,30,30,30,30,30,30,0,30,30,30,30,30
83,212,d05260,2005/0260(COD),broadcas,d05260i5,100,100,0,0,,,0,,0,,25,100,,100,0,100,0,0,100,0,0,0,0,,0,,,0,100,100,80,,,,,,,90,40,50,75,0,0,40,0,50,0,50,50,0,50,80,50,50,50,90,40,80,50,40,0,40,0,0,80,90
84,213,d05281,2005/0281(COD),waste,d05281i1,60,0,40,100,,40,40,40,40,60,100,60,60,40,60,100,40,40,60,40,60,40,60,,40,40,40,20,60,0,60,60,0,60,0,60,60,70,50,70,75,0,40,80,80,40,70,50,50,50,40,50,75,40,40,50,40,70,40,50,0,40,40,50,70,50
84,214,d05281,2005/0281(COD),waste,d05281i2,15,100,50,50,,50,50,100,50,0,50,0,100,50,50,100,50,50,50,50,0,100,100,,0,50,100,0,50,0,50,100,100,60,100,100,,20,90,60,30,0,60,60,50,60,25,60,30,70,60,60,50,60,60,60,60,25,50,50,0,25,60,50,25,60
84,215,d05281,2005/0281(COD),waste,d05281i3,30,100,20,30,,20,20,30,20,30,0,0,0,20,20,0,20,20,20,0,20,0,20,,20,20,20,30,0,0,30,100,100,100,100,100,100,60,90,40,60,0,50,50,60,50,60,40,40,40,50,40,40,50,50,40,40,40,40,40,0,50,50,40,40,40
84,216,d05281,2005/0281(COD),waste,d05281i4,0,100,0,100,,0,0,100,0,0,0,0,0,0,0,100,0,0,0,0,0,0,100,,0,0,100,0,0,0,100,100,100,100,100,100,0,50,70,40,50,0,60,60,50,60,40,40,40,40,60,40,50,60,60,40,60,40,60,50,0,60,60,50,40,40
85,217,n03318,2003/0318(CNS),hakefish,n03318i1,100,0,,,,,,,,,,50,,,,,,,,,,,0,,,,0,50,,0,35,,,,,,,100,100,0,0,0,0,0,0,0,0,0,50,0,0,0,0,0,0,0,0,0,0,100,0,0,0,100,50,0
85,218,n03318,2003/0318(CNS),hakefish,n03318i2,100,25,,,,,,,,,,,,,,,,,,,,,0,,,,0,,,,25,,,,,,,100,50,0,0,0,0,0,0,0,0,0,0,0,0,0,0,0,0,0,0,0,0,100,0,0,0,100,0,0
85,219,n03318,2003/0318(CNS),hakefish,n03318i3,100,60,,40,,,,60,35,,40,80,35,,35,35,35,35,,40,40,35,0,,,,0,75,45,0,60,,,,,,,90,70,0,40,0,0,0,40,50,0,40,40,35,0,50,35,40,40,0,40,40,35,35,0,0,0,35,50,70
85,220,n03318,2003/0318(CNS),hakefish,n03318i4,100,20,,,,,,,,,50,,,,,,,,,,,,0,,,,0,,,,0,,,,,,,100,75,0,0,0,0,0,0,0,0,50,0,0,0,0,0,0,0,0,0,0,0,75,0,0,0,75,0,0
86,221,n03327,2003/0327(CNS),Biscplan,n03327i1,100,100,,0,,,,,,,0,,,,,,,,,,0,,,,,,,,,,25,,,,,,,80,40,0,70,0,0,0,0,0,0,80,0,0,0,0,0,0,0,0,0,70,0,0,0,0,0,0,0,0
86,222,n03327,2003/0327(CNS),Biscplan,n03327i2,100,,,0,,,,,,,100,,,,,,,,,,0,,,,,,,,,,100,,,,,,,50,0,0,60,0,0,0,0,0,0,80,0,0,0,0,0,0,0,0,0,60,0,0,0,0,0,0,0,0
86,223,n03327,2003/0327(CNS),Biscplan,n03327i3,100,,,,,,,,,,0,,,,,,,,,,,,,,,,,,,,75,,,,,,,80,0,0,0,0,0,0,0,0,0,90,0,0,0,0,0,0,0,0,0,0,0,0,0,0,0,0,0,0
86,224,n03327,2003/0327(CNS),Biscplan,n03327i4,100,60,,0,,,,,,,60,,,,,,,,,,0,,,,,,,,,,60,,,,,,,50,30,0,70,0,0,0,0,0,0,40,0,0,0,0,0,0,0,0,0,70,0,0,0,0,0,0,0,0
87,225,n04161,2004/0161(CNS),EAFRD,n04161i1,100,30,0,100,,50,50,0,50,0,0,0,0,50,20,50,60,50,0,100,90,50,0,,60,50,0,0,100,0,30,,,,,,,50,60,100,40,0,20,50,70,40,80,100,80,20,20,50,20,50,20,100,40,40,20,60,0,50,20,60,60,20
87,226,n04161,2004/0161(CNS),EAFRD,n04161i2,100,70,15,0,,50,60,90,50,0,0,60,90,90,0,50,0,90,50,0,0,50,0,,50,0,0,60,30,10,70,,,,,,,90,60,50,50,0,60,60,50,60,50,50,50,50,60,50,50,60,60,50,60,50,60,50,0,60,60,50,50,60
88,227,n04164,2004/0164(CNS),CAPfin,n04164i1,100,0,0,0,,,,0,,0,0,80,0,,0,0,,,50,,80,,0,,,,0,100,100,0,35,,,,,,,50,50,50,50,0,0,0,50,0,50,100,80,50,0,50,50,0,0,50,0,80,0,50,0,0,0,50,80,80
88,228,n04164,2004/0164(CNS),CAPfin,n04164i2,80,80,0,100,,50,50,100,50,0,80,100,80,50,80,80,50,50,80,50,100,50,0,,50,50,80,0,80,40,20,,,,,,,30,50,50,75,0,50,50,30,50,75,50,75,75,50,50,50,50,50,50,50,50,50,75,0,50,50,75,50,50
88,229,n04164,2004/0164(CNS),CAPfin,n04164i3,50,,0,25,,50,50,25,50,50,25,0,0,50,25,0,50,50,0,50,50,50,25,,50,50,0,100,50,0,35,,,,,,,80,0,80,80,0,50,50,50,50,50,80,80,80,50,50,80,50,50,80,50,50,50,50,0,50,50,80,50,50
88,230,n04164,2004/0164(CNS),CAPfin,n04164i4,0,,50,,,100,100,50,100,50,50,50,50,100,50,100,100,100,50,100,50,50,100,,100,100,50,50,50,100,100,,,,,,,80,0,30,0,0,100,100,30,100,30,30,30,30,100,30,60,100,100,30,100,30,30,60,0,100,100,30,30,30
88,231,n04164,2004/0164(CNS),CAPfin,n04164i5,100,0,0,0,,0,0,0,50,0,0,0,0,0,50,50,0,0,50,50,50,0,0,,50,0,0,50,50,,0,,,,,,,60,60,90,90,0,90,90,90,50,90,90,90,90,90,50,50,90,90,50,50,50,90,90,0,50,90,90,50,50
89,232,n04169,2004/0169(CNS),EFishF,n04169i1,0,20,0,60,,70,,15,100,50,100,0,100,,60,100,80,80,15,70,15,100,100,,70,,100,0,0,0,0,,,,,,,100,100,100,80,0,60,0,70,100,70,70,100,90,0,80,90,80,80,80,60,100,100,100,0,50,0,100,100,100
89,233,n04169,2004/0169(CNS),EFishF,n04169i2,50,40,50,0,,30,,60,30,60,10,70,10,,50,10,30,30,,10,80,0,10,,30,,10,90,90,100,50,,,,,,,100,50,20,100,0,30,0,70,60,10,80,50,60,0,60,70,60,60,0,30,70,100,80,0,20,0,80,70,90
89,234,n04169,2004/0169(CNS),EFishF,n04169i3,0,30,0,10,,10,,0,60,0,50,0,50,,30,50,10,30,,70,0,60,70,,0,,70,0,0,0,60,,,,,,,100,30,90,50,0,20,0,100,60,50,60,100,50,0,50,60,50,50,0,70,100,70,60,0,20,0,60,100,100
89,235,n04169,2004/0169(CNS),EFishF,n04169i4,0,,80,100,,80,80,100,100,80,80,0,100,80,80,80,80,80,,,100,80,100,,,80,100,0,80,0,95,,,,,,,100,0,80,80,0,80,100,100,80,80,80,80,100,90,80,80,80,80,0,0,100,80,100,0,0,90,100,80,80
90,236,n05099,2005/0099(CNS),broilers,n05099i1,80,75,100,50,,20,20,100,20,50,0,100,0,20,0,80,,20,,20,80,0,,0,50,0,80,100,80,0,70,75,75,75,100,75,75,80,70,80,60,0,30,60,90,20,50,90,90,50,60,30,20,0,20,0,30,70,85,0,70,50,70,20,90,80
90,237,n05099,2005/0099(CNS),broilers,n05099i2,100,,100,0,0,25,0,100,0,100,0,0,25,0,0,25,,0,100,25,100,0,25,0,0,0,25,100,100,0,0,,,,,,,65,0,50,70,70,60,70,70,70,50,70,80,60,70,70,60,0,70,50,60,70,70,60,70,70,70,60,70,70
91,238,n05118,2005/0118(CNS),sugar,n05118i1,22,40,34,22,,80,22,0,0,60,22,22,80,60,60,80,60,60,34,22,34,100,60,,60,22,80,0,22,100,28,40,50,28,63,100,50,100,50,80,90,0,10,60,100,10,90,80,70,100,100,80,100,80,90,10,10,70,100,100,0,70,60,100,100,80
91,239,n05118,2005/0118(CNS),sugar,n05118i2,0,,0,0,,,100,0,,0,0,0,0,100,0,0,100,100,,,0,100,0,,100,100,0,0,0,,0,,,,,,,30,0,20,40,0,0,60,20,0,20,40,50,20,60,10,10,60,60,0,0,40,60,20,0,20,60,10,20,30
91,240,n05118,2005/0118(CNS),sugar,n05118i3,60,80,80,80,,,60,0,,80,60,60,100,100,80,100,100,100,60,40,60,100,100,,80,60,100,40,40,100,64,80,80,,80,80,80,50,50,60,50,0,0,50,100,0,50,50,70,80,80,80,80,80,50,10,10,60,80,80,0,80,50,80,80,80
92,241,d06132,2006/0132(COD),pesticides,d06132i1,100,50,0,50,0,100,100,100,100,100,50,50,50,0,50,0,100,100,50,50,100,100,50,0,50,50,0,100,50,,50,,,,,,,70,80,70,10,80,15,15,80,40,80,50,50,55,70,50,60,40,40,40,40,15,40,50,90,40,50,60,80,55
92,242,d06132,2006/0132(COD),pesticides,d06132i2,0,100,0,0,0,0,0,100,0,100,0,0,0,0,0,0,0,0,0,0,0,0,0,0,0,0,0,100,0,,0,,,,,,,30,65,30,30,80,30,30,75,30,70,60,30,30,70,70,60,30,30,30,30,30,30,30,80,30,30,60,80,70
93,243,d06196,2006/0196(COD),post,d06196i1,100,100,100,33,33,33,33,100,33,100,33,100,33,33,100,33,33,33,33,33,100,33,33,33,33,33,100,100,100,0,100,,,,,,,100,80,80,90,80,80,80,20,80,70,80,100,90,80,40,80,90,80,100,80,100,90,80,80,80,90,20,70,70
93,244,d06196,2006/0196(COD),post,d06196i2,100,60,60,0,0,0,0,60,100,100,0,100,0,0,80,0,0,0,0,0,100,0,0,0,0,0,100,100,100,,60,,,,,,,90,90,60,90,90,90,90,40,90,40,90,100,90,90,70,60,90,90,90,90,100,90,90,90,90,90,40,60,50
94,245,n07026,2007/0026(CNS),milk,n07026i1,0,,0,0,0,0,0,0,0,0,100,0,0,0,0,0,0,0,0,0,0,0,0,0,0,0,0,0,0,100,0,,,,,,,70,0,20,30,20,40,20,50,20,30,90,20,50,50,30,40,20,20,40,10,20,40,50,20,30,20,50,40,50
94,246,n07026,2007/0026(CNS),milk,n07026i2,50,,100,100,100,100,100,0,100,0,100,100,100,100,100,100,100,100,100,100,0,100,100,100,100,100,100,0,0,100,50,,,,,,,50,0,50,30,20,50,30,90,40,50,50,70,80,50,20,30,20,20,40,30,50,50,50,20,10,10,90,80,50
95,247,d07035,2007/0035(COD),mergers,d07035i1,0,0,0,0,0,0,0,0,0,70,100,0,100,0,0,0,0,0,0,0,0,0,0,0,0,0,100,0,0,100,10,,,,,,,90,50,30,30,20,20,70,70,20,60,90,40,50,30,30,30,20,20,30,20,30,50,30,20,20,20,80,40,90
96,248,n07045,2007/0045(CNS),CAPfin,n07045i1,0,0,100,100,0,100,0,100,0,100,100,100,100,100,100,0,100,0,100,100,0,0,0,100,100,0,0,0,0,,0,,,,,,,80,30,60,40,20,20,30,30,30,20,60,60,30,50,20,30,30,20,60,40,30,20,30,30,20,20,20,20,30
96,249,n07045,2007/0045(CNS),CAPfin,n07045i2,100,,100,100,100,0,100,0,100,100,0,100,0,0,0,100,100,100,0,100,0,100,100,100,100,100,0,100,100,,0,,,,,,,80,0,20,30,20,50,30,30,30,40,80,40,90,80,20,20,20,20,80,20,80,40,30,20,30,40,90,40,20
97,250,n08104,2008/0104(CNS),CAPreform,n08104i1,100,40,0,0,0,40,100,100,40,0,40,40,0,40,0,0,100,100,0,100,0,40,100,0,40,0,0,100,100,0,40,,,,,,,90,60,70,70,20,10,10,60,10,60,60,80,80,10,70,70,10,10,70,10,30,20,40,20,20,20,80,50,60
97,251,n08104,2008/0104(CNS),CAPreform,n08104i2,70,70,0,0,0,,100,100,0,0,0,100,0,0,0,0,100,100,100,100,100,100,0,0,,0,0,100,100,0,70,,,,,,,80,60,30,50,60,0,20,80,20,50,60,40,70,30,60,60,20,20,30,20,20,20,60,60,0,30,80,70,70
98,252,n08105,2008/0105(CNS),EAFRD,n08105i1,100,80,0,80,0,0,0,80,0,80,80,80,0,0,0,0,0,0,100,0,100,0,100,0,0,0,0,100,100,0,80,,,,,,,70,20,70,40,20,20,30,90,10,60,80,80,40,20,30,20,20,20,30,20,30,60,40,20,20,20,50,50,40
99,253,n08143,2008/0143(CNS),VAT,n08143i1,100,100,0,100,0,100,100,0,0,100,100,0,100,100,100,100,0,0,100,0,100,100,100,100,0,0,100,100,100,0,100,,,,,,,100,50,100,100,80,50,50,100,80,50,50,100,50,40,50,70,80,100,80,50,70,60,50,50,70,100,50,50,70
99,254,n08143,2008/0143(CNS),VAT,n08143i2,100,100,100,100,0,100,100,0,0,0,100,0,100,100,100,100,0,0,100,100,100,100,100,100,0,100,100,0,100,0,100,,,,,,,80,20,100,100,20,30,30,100,70,70,100,100,50,30,40,50,70,100,40,30,50,30,20,20,30,100,50,70,50
99,255,n08143,2008/0143(CNS),VAT,n08143i3,100,100,100,100,100,100,100,100,100,100,100,100,100,100,100,0,100,100,0,100,100,100,0,100,100,100,0,100,100,0,80,,,,,,,100,20,30,50,30,20,30,80,30,80,50,80,30,20,80,100,80,80,100,20,30,30,100,30,20,50,100,80,70
100,256,n05124,2005/0124(CNS),rightsag,n05124i1,100,100,100,0,,100,100,0,100,100,0,0,100,0,0,0,100,100,0,0,0,100,0,,100,100,0,0,0,,70,,,,,,,70,50,30,50,0,30,60,50,60,30,50,50,30,60,30,30,50,50,50,30,90,60,30,0,60,60,50,50,60
100,257,n05124,2005/0124(CNS),rightsag,n05124i2,100,100,100,100,,100,100,100,100,100,100,0,100,100,0,100,100,100,100,0,0,100,100,,100,0,100,100,0,,0,,,,,,,50,50,30,70,0,20,40,50,40,30,70,50,30,60,50,70,40,40,60,50,80,60,50,0,50,50,70,50,90
101,258,d05167,2005/0167(COD),illegals,d05167i1,0,0,100,0,,100,100,,100,0,100,100,100,0,,100,100,100,,100,100,,100,,,100,100,0,,,90,,,,,,,50,50,70,70,0,50,20,0,20,40,50,70,60,30,0,20,20,20,0,50,50,0,20,0,0,30,30,40,0
101,259,d05167,2005/0167(COD),illegals,d05167i2,100,100,0,100,,0,70,,70,100,70,0,0,100,,70,70,70,100,0,70,70,100,,,0,70,100,,,70,,,,,,,100,80,100,50,0,80,30,0,20,80,40,90,80,60,0,20,30,20,50,90,50,50,60,0,0,30,30,80,0
101,260,d05167,2005/0167(COD),illegals,d05167i3,100,100,0,100,,0,30,,,100,0,0,0,100,,0,,,100,0,30,30,30,,,,,100,,,30,,,,,,,80,50,40,90,0,50,20,0,0,60,40,40,40,50,0,70,0,0,30,50,70,30,20,0,0,0,0,60,0
101,261,d05167,2005/0167(COD),illegals,d05167i5,30,0,80,30,,80,30,,80,100,30,80,80,30,,30,100,80,30,100,30,30,30,,30,30,30,100,,,70,,,,,,,30,100,100,30,0,80,60,0,100,0,10,100,50,30,0,10,100,80,10,100,50,60,10,0,10,60,10,0,0
102,262,d05283,2005/0183(COD),vehicles,d05283i1,100,100,60,60,,60,0,60,60,60,100,0,60,60,60,60,60,60,60,60,60,60,100,,60,60,100,60,60,0,60,,,,,,,80,80,60,40,0,20,60,70,20,60,50,70,20,20,20,40,20,20,40,10,50,20,50,0,20,20,60,60,60
102,263,d05283,2005/0183(COD),vehicles,d05283i2,100,100,0,100,,80,0,100,0,80,100,80,80,100,80,100,0,0,100,80,100,80,100,,80,0,100,80,80,0,80,,,,,,,80,70,50,40,0,30,60,70,20,60,80,80,30,30,60,40,40,30,30,30,60,30,50,0,30,60,60,60,90
102,264,d05283,2005/0183(COD),vehicles,d05283i3,70,100,0,70,,70,70,70,70,0,70,0,70,70,70,0,70,70,70,70,70,70,70,,70,70,70,0,0,0,90,,,,,,,80,90,30,30,0,20,30,60,30,50,70,50,30,30,20,40,30,30,40,20,60,30,20,0,30,30,70,60,70
103,265,d06129,2006/0129(COD),water,d06129i1,0,0,100,100,0,0,0,100,0,0,0,100,0,0,0,0,0,0,0,0,100,0,0,0,0,0,0,100,0,0,0,,,,,,,100,60,50,50,30,30,30,100,30,70,100,100,30,30,30,30,30,30,30,30,50,30,100,30,30,30,100,50,70
103,266,d06129,2006/0129(COD),water,d06129i2,0,100,0,20,0,0,0,100,0,0,100,0,0,0,0,0,0,0,0,0,0,0,0,0,0,0,0,100,0,0,20,,,,,,,90,100,30,40,10,20,20,50,10,20,50,40,30,20,30,30,10,10,20,10,70,30,20,10,10,20,40,50,70
103,267,d06129,2006/0129(COD),water,d06129i3,100,100,0,50,0,0,0,0,0,0,0,0,0,0,0,0,0,0,0,0,0,0,0,0,0,0,0,100,0,0,50,,,,,,,50,50,20,60,10,10,30,90,20,90,90,30,20,20,20,30,20,20,10,10,60,30,80,10,20,20,90,90,70
103,268,d06129,2006/0129(COD),water,d06129i4,100,100,80,80,0,0,0,80,0,80,80,80,80,0,80,80,0,0,80,80,80,0,80,0,0,0,80,80,0,,80,,,,,,,70,20,20,50,20,20,20,50,10,20,50,70,10,10,20,20,20,20,10,10,80,20,20,20,20,20,50,10,70
104,269,d06140,2006/0140(COD),RABIT,d06140i1,100,100,,70,,100,0,70,0,0,100,70,100,0,,100,0,0,70,100,70,0,100,,0,0,100,0,,0,70,,,,,,,90,60,0,50,0,90,30,50,30,30,60,50,80,30,0,80,30,30,30,90,50,90,80,0,30,40,90,100,0
105,270,d06272,2006/0272(COD),rail,d06272i1,100,90,20,20,,20,20,20,20,20,20,0,20,20,20,100,20,20,20,20,20,20,20,,20,20,20,20,20,0,90,,,,,,,70,100,10,10,0,10,50,70,50,60,80,70,20,20,20,70,50,50,10,10,50,20,30,0,20,30,40,70,70
106,271,d06304,2006/0304(COD),emissions,d06304i1,90,100,90,90,0,0,0,90,0,90,90,70,90,0,90,90,0,0,90,0,90,0,90,0,0,0,90,90,90,,90,,,,,,,70,80,50,60,70,60,80,60,70,50,70,50,50,70,60,60,80,70,60,70,70,80,60,70,70,70,60,80,70
106,272,d06304,2006/0304(COD),emissions,d06304i2,20,100,20,30,0,0,0,70,0,20,20,20,20,0,100,20,0,0,20,0,30,0,20,0,0,0,20,100,50,0,30,,,,,,,75,90,20,40,20,20,40,50,20,75,75,90,30,40,50,40,30,30,20,10,75,100,20,20,10,10,100,70,50
106,273,d06304,2006/0304(COD),emissions,d06304i3,50,50,0,0,100,100,100,0,100,0,0,0,0,100,0,0,100,100,0,100,0,100,0,100,100,100,0,0,0,,50,,,,,,,50,50,50,50,100,50,80,50,100,10,50,10,0,50,50,50,100,100,0,10,50,100,0,100,0,80,0,50,80
106,274,d06304,2006/0304(COD),emissions,d06304i4,33,0,100,33,100,100,100,33,100,33,33,66,100,100,33,100,100,100,100,100,33,100,100,100,100,100,100,33,33,,66,,,,,,,50,30,60,50,50,20,40,50,20,50,50,50,60,60,50,60,60,20,50,10,50,70,60,50,0,40,70,70,50
107,275,d07013,2007/0013(COD),charges,d07013i1,100,30,30,30,30,100,30,30,100,30,30,30,30,30,0,30,100,100,100,100,0,30,30,30,100,100,30,100,0,,30,,,,,,,50,50,10,10,20,10,10,20,10,20,50,30,20,10,70,30,10,10,100,10,70,10,20,30,10,10,30,10,30
107,276,d07013,2007/0013(COD),charges,d07013i2,0,100,0,80,0,0,0,80,0,0,80,0,0,0,0,80,0,0,0,80,80,80,0,80,0,0,0,0,0,0,30,,,,,,,50,70,60,90,10,10,20,90,60,90,90,90,10,60,90,90,10,10,20,60,90,10,20,60,10,10,30,80,90
107,277,d07013,2007/0013(COD),charges,d07013i3,100,0,50,50,50,50,50,50,50,0,50,50,50,50,50,50,50,50,50,50,50,50,0,50,50,50,0,0,50,,50,,,,,,,70,60,10,20,10,10,10,70,10,30,90,90,10,10,70,30,10,10,20,10,70,10,90,10,10,10,90,90,70
107,278,d07013,2007/0013(COD),charges,d07013i4,0,0,0,0,0,0,0,0,0,0,100,100,0,0,0,0,0,0,0,0,100,0,0,0,0,0,0,0,0,,0,,,,,,,80,50,10,20,10,10,10,10,10,10,80,50,20,10,80,10,10,10,20,10,90,10,20,10,10,10,30,20,80
107,279,d07013,2007/0013(COD),charges,d07013i5,50,100,0,0,0,0,0,50,0,0,0,0,0,0,0,0,0,0,0,0,50,0,0,0,0,0,0,0,0,0,0,,,,,,,90,90,10,20,10,10,10,60,10,20,30,70,10,10,10,10,10,10,10,10,60,10,10,10,10,10,20,20,70
108,280,d07297,2007/0297(COD),carems,d07297i1,0,100,0,100,,,0,100,,100,100,0,100,,100,100,,,100,,100,0,,0,100,0,0,,,,0,,,,,,,50,60,50,60,0,0,80,50,0,50,50,80,40,0,50,70,0,0,50,0,50,80,0,70,40,80,50,0,0
108,281,d07297,2007/0297(COD),carems,d07297i2,0,100,0,0,0,0,100,0,0,0,100,100,0,0,0,100,0,0,0,0,0,100,0,0,0,100,100,0,0,,60,,,,,,,70,60,20,70,50,10,80,70,10,70,80,80,60,10,70,80,10,10,70,10,70,80,50,10,10,80,50,10,10
108,282,d07297,2007/0297(COD),carems,d07297i3,0,100,100,100,100,,0,100,,100,0,0,100,,100,0,,,100,,100,0,100,0,100,0,0,100,100,0,100,,,,,,,50,80,20,50,50,0,60,80,0,70,60,60,70,0,80,60,0,0,70,0,90,60,30,30,50,60,20,40,70
108,283,d07297,2007/0297(COD),carems,d07297i4,100,0,,100,100,,0,100,,100,0,0,100,,100,0,,,100,,100,0,,,100,0,0,100,100,,0,,,,,,,70,50,0,50,50,0,80,70,0,70,95,95,60,0,70,90,0,0,70,0,80,70,0,0,50,90,90,50,60
108,284,d07297,2007/0297(COD),carems,d07297i5,30,30,0,100,100,,0,100,,100,100,0,100,,100,100,,,,,100,,,,,0,100,0,,,30,,,,,,,50,50,40,50,30,0,70,40,0,50,70,90,40,0,50,90,0,0,0,0,40,0,0,0,0,70,40,50,0
109,285,d06031,2006/0031(COD),weapons,d06031i1,0,100,0,100,,0,0,100,0,100,0,0,0,0,100,100,0,0,0,0,0,0,0,,0,0,100,100,100,0,60,,,,,,,60,80,80,30,0,20,40,50,20,50,90,60,20,20,40,50,20,20,20,0,20,40,20,0,20,20,70,50,60
109,286,d06031,2006/0031(COD),weapons,d06031i2,0,100,0,50,,0,0,50,0,0,0,50,0,0,50,0,0,0,0,0,0,0,0,,0,0,100,0,50,0,80,,,,,,,80,90,80,30,0,20,40,30,20,60,90,50,20,20,30,50,20,20,10,10,20,20,10,0,10,90,70,50,50
110,287,d04287,2004/0287(COD),vis,d04287i1,70,0,100,80,80,80,80,80,80,80,100,100,80,80,80,80,80,80,80,80,80,80,80,80,80,80,100,80,80,0,100,100,0,0,0,0,0,80,100,100,80,80,80,80,80,80,80,100,100,80,80,80,80,80,80,80,80,80,80,80,80,80,80,100,80,80
110,288,d04287,2004/0287(COD),vis,d04287i2,0,0,100,50,50,50,50,50,50,50,100,100,50,50,50,50,50,50,50,50,50,50,50,50,50,50,50,50,50,0,0,,,,,,,50,100,100,50,50,50,50,50,50,50,100,100,50,50,50,50,50,50,50,50,50,50,50,50,50,50,50,50,50
110,289,d04287,2004/0287(COD),vis,d04287i3,0,0,70,,,,,,,,70,100,,,,,,,,,,,,,,,,,,0,0,100,0,0,0,0,0,100,100,80,0,0,0,0,0,0,0,80,100,0,0,0,0,0,0,0,0,0,0,0,0,0,0,0,0,0
110,290,d04287,2004/0287(COD),vis,d04287i4,100,50,60,60,0,60,60,60,0,60,100,70,60,0,60,60,0,0,60,60,60,0,60,0,0,60,60,60,60,,40,,,,,,,50,50,50,50,0,50,50,50,50,50,100,70,50,50,50,50,50,50,50,50,50,100,50,0,100,50,50,50,50
110,291,d04287,2004/0287(COD),vis,d04287i5,50,0,100,100,100,100,100,100,100,100,100,100,100,100,100,100,100,100,100,100,100,100,100,100,100,100,100,100,100,,50,,,,,,,50,80,100,80,80,80,80,80,80,80,80,100,80,80,80,80,80,80,80,80,80,80,80,80,80,80,80,80,80
111,292,d05246,2005/0246(COD),custom,d05246i1,100,50,100,100,100,0,100,100,100,100,50,100,0,0,50,0,100,100,100,0,100,25,0,100,100,100,0,100,100,0,75,,,,,,,100,85,100,75,75,100,75,100,75,100,100,75,100,75,100,100,75,75,50,100,100,85,100,75,75,75,100,100,100
111,293,d05246,2005/0246(COD),custom,d05246i2,100,100,50,15,15,15,15,15,15,100,0,0,15,15,15,0,15,15,15,15,15,15,15,15,0,15,0,100,30,0,0,,,,,,,90,80,90,75,75,75,75,75,75,100,100,100,90,75,,75,60,60,90,,80,80,75,75,75,75,75,75,20
111,294,d05246,2005/0246(COD),custom,d05246i3,100,100,0,50,,,,100,,100,100,100,0,,,0,,,0,,100,0,,,,,0,100,100,0,75,,,,,,,90,60,70,,0,0,0,,0,80,100,80,,0,0,,0,0,,0,100,90,0,0,0,0,,90,100
111,295,d05246,2005/0246(COD),custom,d05246i4,100,50,0,0,0,0,0,0,0,0,0,0,0,100,0,0,0,0,0,0,100,0,0,0,0,0,0,0,0,0,100,,,,,,,100,60,50,50,50,50,50,70,50,50,100,50,50,50,70,50,50,50,50,50,50,50,50,50,50,50,75,50,70
111,296,d05246,2005/0246(COD),custom,d05246i5,100,100,100,100,100,100,0,100,100,100,50,100,100,0,0,100,100,100,100,100,50,100,100,100,100,100,100,100,0,0,100,,,,,,,90,20,10,80,10,10,10,10,10,100,10,10,50,10,10,10,10,10,10,10,10,10,50,10,10,10,10,10,50
111,297,d05246,2005/0246(COD),custom,d05246i6,100,50,100,100,100,0,100,100,100,85,100,100,0,0,50,0,100,100,100,0,100,25,0,100,100,100,0,100,100,0,100,,,,,,,90,75,90,65,65,90,65,90,65,75,80,65,75,65,90,90,65,65,50,90,100,75,90,65,65,65,90,90,100
112,298,n07138,2007/0138(CNS),wine,n07138i1,0,70,10,10,10,10,0,0,0,10,100,10,70,10,0,70,10,10,10,70,0,10,70,10,0,10,20,0,0,100,20,,,,,,,100,80,40,20,60,90,60,20,10,20,70,80,90,70,20,100,80,80,40,30,90,80,100,60,70,70,100,90,100
112,299,n07138,2007/0138(CNS),wine,n07138i2,100,20,50,60,50,0,50,100,100,100,0,50,30,50,100,15,100,100,50,10,100,100,30,50,0,60,80,100,100,0,40,,,,,,,100,90,70,20,60,70,40,20,10,20,70,70,60,70,10,90,20,20,100,70,20,30,90,60,100,50,100,20,30
112,300,n07138,2007/0138(CNS),wine,n07138i3,100,80,0,0,50,100,0,0,0,50,30,0,100,0,0,100,10,10,10,100,0,0,70,50,0,0,60,10,0,0,10,,,,,,,80,60,100,80,80,80,80,80,80,10,50,100,80,50,50,100,50,50,50,90,50,100,70,80,70,80,50,30,50
113,301,n07242,2007/0242(CNS),cotton,n07242i1,0,80,30,10,100,10,60,60,0,0,50,0,100,10,10,40,0,0,10,10,0,20,80,,,,100,0,0,0,50,,,,,,,50,100,80,10,100,10,80,60,0,0,30,100,100,20,10,10,0,0,10,10,80,10,80,0,0,0,100,100,100
114,302,d04156,2004/0156(COD),Galileo,d04156i1,75,45,40,,75,,60,40,75,40,100,0,40,60,50,60,75,75,40,60,40,75,40,75,60,,0,40,100,,45,,,,,,,100,80,70,0,20,0,50,25,20,50,100,90,,20,25,90,20,20,,,50,25,25,20,,0,75,60,15
114,303,d04156,2004/0156(COD),Galileo,d04156i2,44,44,0,0,0,,0,0,0,0,89,100,,0,0,89,0,0,,,0,0,0,0,,0,56,0,56,,67,,,,,,,50,50,70,70,65,0,70,70,0,70,40,40,0,70,70,40,0,0,0,0,70,70,70,65,0,70,45,70,40
114,304,d04156,2004/0156(COD),Galileo,d04156i3,0,40,40,40,40,40,40,40,40,40,40,40,40,40,40,40,40,40,40,40,40,40,40,40,40,40,100,40,40,,60,,,,,,,50,25,25,25,25,25,25,25,25,25,50,50,25,25,25,90,25,25,25,25,25,25,25,25,25,25,100,25,50
115,305,d06273,2006/0273(COD),rail,d06273i1,50,100,,,,,,,,,0,0,,,,0,,,0,,40,0,40,,,,0,40,40,0,35,,,,,,,70,100,0,0,0,0,0,0,0,0,80,100,0,0,0,20,0,0,50,0,70,70,40,0,0,0,20,70,50
116,306,d06130,2006/0130(COD),airtrans,d06130i1,17,100,,,,,,83,,17,,,83,,,,,,,83,17,83,,,,,,,83,0,83,,,,,,,100,100,0,0,0,0,0,50,0,,0,0,50,0,0,0,0,0,0,50,,70,0,0,0,0,0,0,
116,307,d06130,2006/0130(COD),airtrans,d06130i2,,100,,50,,,0,50,,,0,,100,,0,80,,,100,,100,0,,,,,100,,100,0,50,,,,,,,0,80,0,50,0,0,60,50,0,0,100,0,,0,100,40,0,0,,0,100,60,0,0,0,0,75,0,75
116,308,d06130,2006/0130(COD),airtrans,d06130i3,100,100,,100,,,,0,,,0,0,0,,,20,100,,,,30,50,,,0,,,,0,0,0,,,,,,,75,20,0,20,0,0,0,80,0,0,80,100,80,0,0,75,20,0,0,0,80,40,0,0,20,0,0,0,80
116,309,d06130,2006/0130(COD),airtrans,d06130i4,100,80,,,,,,70,,,0,25,,,,25,,,,,50,80,50,,,,,,100,0,50,,,,,,,80,50,0,0,0,0,0,50,0,0,100,75,0,0,0,75,0,0,0,0,50,90,50,0,0,0,0,0,75
117,310,d06206,2006/0206(COD),mercury,d06206i1,20,100,100,100,,,100,92,,100,,,,,,,,,,,100,,,,,,,92,,0,76,,,,,,,90,80,100,100,0,0,100,100,0,100,0,0,0,0,0,0,0,0,0,0,100,0,0,0,0,0,0,100,0
117,311,d06206,2006/0206(COD),mercury,d06206i2,23,100,,100,23,23,,100,,85,85,,,,,,23,23,85,92,92,23,85,,,23,,100,,0,77,,,,,,,30,100,0,70,40,70,0,70,0,70,70,0,0,0,0,0,40,40,70,70,70,40,70,0,0,40,0,100,0
117,312,d06206,2006/0206(COD),mercury,d06206i3,17,92,,100,,,,100,,,,17,100,,,,,,,,,58,100,,,,,100,,0,83,,,,,,,100,30,0,100,0,0,0,100,0,0,0,80,30,0,0,0,0,0,0,0,0,30,100,0,0,0,0,100,0
117,313,d06206,2006/0206(COD),mercury,d06206i4,100,0,,75,,,,75,100,85,100,100,75,100,,100,100,100,,,75,100,75,,,,100,75,100,,50,,,,,,,75,75,0,75,0,0,0,75,75,75,75,75,75,75,0,75,75,75,0,0,75,75,75,0,0,0,75,75,75
118,314,n07114,2007/0114(CNS),fishauth,n07114i1,100,,,0,,,,0,100,,0,0,100,,0,100,,100,,,0,100,100,,,,100,0,0,0,0,,,,,,,100,0,0,70,0,0,0,70,,0,50,100,50,0,70,50,0,100,0,0,70,70,100,0,0,0,100,70,100
118,315,n07114,2007/0114(CNS),fishauth,n07114i2,80,80,,,,,,,,,0,,,,,0,,50,,,0,,0,,,,0,,,0,50,,,,,,,80,20,0,0,0,0,0,0,0,0,80,0,0,0,0,60,0,,0,0,80,0,80,0,0,0,80,0,0
118,316,n07114,2007/0114(CNS),fishauth,n07114i3,100,0,,,,,,0,,,0,0,,,0,0,,,,,,,0,,,,0,,0,0,0,,,,,,,80,50,0,0,0,0,0,100,0,0,100,100,0,0,100,80,0,0,0,0,0,0,100,0,0,0,100,0,100
119,317,n07223,2007/0223(CNS),illfish,n07223i1,100,0,,0,,,,0,,0,0,20,0,,0,0,,0,,,20,0,0,,,,50,0,20,,45,,,,,,,100,100,0,95,0,0,0,95,0,95,100,95,95,0,95,100,0,95,0,0,90,95,95,0,0,0,50,80,90
119,318,n07223,2007/0223(CNS),illfish,n07223i2,100,70,,0,,,,0,0,0,0,0,0,,,0,0,0,,,0,0,0,0,,,0,0,0,0,50,,,,,,,100,90,0,95,0,0,0,100,95,95,100,100,95,0,0,95,95,95,0,0,100,95,95,95,0,0,95,95,100
119,319,n07223,2007/0223(CNS),illfish,n07223i3,100,100,0,70,,,70,70,0,70,0,,0,,70,0,0,0,,0,0,0,0,0,,,100,70,70,0,70,,,,,,,100,100,80,100,0,0,80,100,95,100,100,0,100,0,100,100,100,100,0,100,100,100,100,95,0,0,50,70,100
119,320,n07223,2007/0223(CNS),illfish,n07223i4,0,0,,90,,,,95,100,100,100,,100,,100,100,100,100,,100,100,100,100,100,0,,0,100,90,,70,,,,,,,85,40,0,90,0,0,0,90,95,95,95,0,95,0,95,95,95,95,0,95,95,95,95,95,50,0,50,85,90
120,321,n07224,2007/0224(CNS),botfish,n07224i1,100,0,,,,,,,40,,25,80,,,,,,40,,,80,20,25,,,,0,90,80,0,0,,,,,,,100,,0,0,0,0,0,0,60,0,80,60,0,0,0,0,0,60,0,0,60,50,75,0,0,0,100,80,60
120,322,n07224,2007/0224(CNS),botfish,n07224i2,100,20,,,,,,,50,,50,,,,,50,,40,,,,60,0,,,,0,,,0,100,,,,,,,100,,0,0,0,0,0,0,20,0,20,0,0,0,0,20,0,,0,0,0,20,40,0,0,0,100,0,0
121,323,n08093,2008/0093(CNS),Mauritania,n08093i1,100,,,,,,,,,,50,80,0,,80,,0,0,,,0,20,50,,,,0,,30,0,80,,,,,,,100,0,0,0,0,0,0,0,0,0,20,80,0,0,50,0,100,100,0,0,100,80,20,0,0,0,10,0,30
122,324,d07249,2007/0249(COD),markauthor,d07249i1,100,40,0,0,0,20,0,0,0,50,0,0,20,0,0,0,0,0,0,0,0,0,0,0,0,0,0,10,10,0,0,,,,,,,80,10,,,,20,,,,,20,,20,,,,,,,,,,,,,,,30,30
123,325,d07291,2007/0291(COD),infoagency,d07291i1,17,17,,17,100,58,58,17,58,58,58,79,100,58,58,100,58,58,,100,17,58,58,100,58,58,100,17,17,0,58,,,,,,,75,25,0,0,25,25,25,25,25,25,0,0,100,25,25,25,25,25,0,25,0,25,25,25,25,25,25,25,25
124,326,d07028,2007/0028(COD),marketing,d07028i1,94,56,81,,,,,,,,,81,,,0,100,,,81,,,,44,,,,,,6,0,38,,,,,,,70,40,35,0,0,0,0,0,0,0,0,30,0,0,80,90,0,0,30,0,0,0,60,0,0,0,0,0,80
124,327,d07028,2007/0028(COD),marketing,d07028i2,5,100,53,,,,,,,5,,,,,,,,,,,,,16,,,,,,,0,21,,,,,,,30,75,40,0,0,0,0,0,0,25,0,0,0,0,0,0,0,0,0,0,0,0,50,0,0,0,0,0,0
124,328,d07028,2007/0028(COD),marketing,d07028i3,100,100,0,0,0,0,0,100,0,0,0,100,0,0,0,100,0,0,0,0,0,0,0,0,0,0,0,0,0,30,95,,,,,,,80,80,60,10,60,60,60,60,60,60,80,10,60,60,80,100,60,60,60,60,60,60,80,60,60,60,60,60,80
124,329,d07028,2007/0028(COD),marketing,d07028i4,100,50,30,30,30,30,30,30,30,30,25,0,30,30,30,30,30,30,30,30,30,30,30,30,30,30,30,30,0,30,70,,,,,,,30,50,80,30,80,80,80,30,80,80,80,80,80,80,80,80,80,80,80,80,80,80,80,80,80,80,80,80,100
125,330,d05211,2005/0211(COD),marine,d05211i1,38,100,,38,,,,38,,,0,69,38,,,69,,,,,0,0,0,,,,38,69,0,,25,,,,,,,75,80,0,50,0,0,0,50,0,0,,75,50,0,0,50,0,0,0,0,60,,80,0,0,0,60,70,70
125,331,d05211,2005/0211(COD),marine,d05211i2,100,0,,25,,,,25,,,100,100,,,100,100,,,,,100,,100,,100,,100,0,100,,50,,,,,,,100,100,0,80,0,0,0,75,0,0,65,75,0,0,70,90,0,0,0,0,65,0,75,0,65,0,80,100,65
